Workbook
Name LIV_Code: 'Livres'!$E$7:$E$306
Name LIV_Titre: 'Livres'!$G$7:$G$306
Name LIV_Auteur: 'Livres'!$H$7:$H$306
Name LIV_Cat: 'Livres'!$I$7:$I$306
Name LIV_Ex: 'Livres'!$L$7:$L$306
Name LIV_Emp: 'Livres'!$N$7:$N$306
Name LIV_Dispo: 'Livres'!$O$7:$O$306
Name LIV_Total: 'Livres'!$P$7:$P$306
Name LIV_Statut: 'Livres'!$Q$7:$Q$306
Name LIV_Score: 'Livres'!$S$7:$S$306
Name LIV_Rech: 'Livres'!$T$7:$T$306
Name LIV_ScoreMois: 'Livres'!$U$7:$U$306
Name EMP_Cat: 'Emprunts'!$T$7:$T$1006
Name MEM_ID: 'Membres'!$E$7:$E$306
Name MEM_Nom: 'Membres'!$F$7:$F$306
Name MEM_Type: 'Membres'!$G$7:$G$306
Name MEM_Classe: 'Membres'!$H$7:$H$306
Name MEM_Insc: 'Membres'!$J$7:$J$306
Name MEM_Cours: 'Membres'!$K$7:$K$306
Name MEM_Statut: 'Membres'!$N$7:$N$306
Name MEM_Rech: 'Membres'!$P$7:$P$306
Name EMP_Date: 'Emprunts'!$F$7:$F$1006
Name EMP_Membre: 'Emprunts'!$G$7:$G$1006
Name EMP_Nom: 'Emprunts'!$H$7:$H$1006
Name EMP_Livre: 'Emprunts'!$I$7:$I$1006
Name EMP_Titre: 'Emprunts'!$J$7:$J$1006
Name EMP_Prevu: 'Emprunts'!$K$7:$K$1006
Name EMP_Retour: 'Emprunts'!$L$7:$L$1006
Name EMP_Statut: 'Emprunts'!$M$7:$M$1006
Name EMP_Jours: 'Emprunts'!$N$7:$N$1006
Name EMP_Amende: 'Emprunts'!$O$7:$O$1006
Name EMP_Paye: 'Emprunts'!$P$7:$P$1006
Name EMP_ScoreRetard: 'Emprunts'!$R$7:$R$1006
Name EMP_ScoreRecent: 'Emprunts'!$S$7:$S$1006
Name FOU_Code: 'Fournitures'!$E$7:$E$206
Name FOU_Article: 'Fournitures'!$F$7:$F$206
Name FOU_Unite: 'Fournitures'!$H$7:$H$206
Name FOU_Seuil: 'Fournitures'!$J$7:$J$206
Name FOU_Stock: 'Fournitures'!$O$7:$O$206
Name FOU_Valeur: 'Fournitures'!$P$7:$P$206
Name FOU_Statut: 'Fournitures'!$Q$7:$Q$206
Name FOU_Score: 'Fournitures'!$S$7:$S$206
Name MOV_Date: 'Mouvements'!$F$7:$F$1006
Name MOV_Code: 'Mouvements'!$G$7:$G$1006
Name MOV_Type: 'Mouvements'!$I$7:$I$1006
Name MOV_Qte: 'Mouvements'!$J$7:$J$1006
Name P_Ecole: 'Paramètres'!$F$7
Name P_Annee: 'Paramètres'!$F$8
Name P_Duree: 'Paramètres'!$F$9
Name P_Amende: 'Paramètres'!$F$10
Name P_Max: 'Paramètres'!$F$11
Name L_CatLivres: 'Paramètres'!$I$7:$I$26
Name L_Classes: 'Paramètres'!$J$7:$J$26
Name L_TypesMembre: 'Paramètres'!$K$7:$K$9
Name L_CatFourn: 'Paramètres'!$L$7:$L$26
Name L_Unites: 'Paramètres'!$M$7:$M$26
Name L_TypesMvt: 'Paramètres'!$N$7:$N$8
Name L_OuiNon: 'Paramètres'!$O$7:$O$8
Name L_Mois: 'Calculs'!$S$2:$S$25
Name Q_Rech: TRIM('Recherche'!$F$5)

Sheet Tableau de bord
E2: Tableau de bord | O2: =HYPERLINK("#'Recherche'!F5","🔍 Rechercher un livre, un membre…") | Y2: =TODAY()
E3: ="Bonjour 👋 Bienvenue à la bibliothèque de la "&P_Ecole&" · Année scolaire "&P_Annee
E7: =HYPERLINK("#'Livres'!E6","📚 Total des livres") | J7: =HYPERLINK("#'Membres'!E6","👥 Membres") | O7: =HYPERLINK("#'Emprunts'!E6","🔄 Emprunts en cours") | T7: =HYPERLINK("#'Emprunts'!E6","📈 Emprunts ce mois") | Y7: =HYPERLINK("#'Emprunts'!E6","⏰ Livres en retard") | AD7: =HYPERLINK("#'Fournitures'!E6","📦 Alertes de stock")
E8: =SUM(LIV_Ex) | J8: =COUNTIF(MEM_ID,"?*") | O8: =COUNTIFS(EMP_Livre,"?*",EMP_Retour,"") | T8: =Calculs!K2 | Y8: =COUNTIF(EMP_Statut,"En retard") | AD8: =COUNTIF(FOU_Statut,"Stock faible")+COUNTIF(FOU_Statut,"Rupture")
E9: =COUNTIF(LIV_Code,"?*")&" titres au catalogue" | J9: =COUNTIF(MEM_Type,"Élève")&" élèves · "&COUNTIF(MEM_Type,"Enseignant")&" enseignants" | O9: =TEXT(IF(SUM(LIV_Ex)=0,0,SUM(LIV_Emp)/SUM(LIV_Ex)),"0%")&" du fonds en circulation" | T9: =IF(Calculs!M2>=0,"▲ ","▼ ")&TEXT(ABS(Calculs!M2),"0%")&" vs mois dernier" | Y9: =FIXED(SUMIFS(EMP_Amende,EMP_Paye,"<>Oui"),0)&" FC d'amendes dues" | AD9: =COUNTIF(FOU_Statut,"Rupture")&" en rupture · "&COUNTIF(FOU_Statut,"Stock faible")&" stock faible"
B12: MENU | E12: Évolution des emprunts — 30 derniers jours | P12: =HYPERLINK("#'Emprunts'!E6","Voir tout →") | T12: ="Livres par catégorie · "&FIXED(SUM(LIV_Ex),0)&" exemplaires" | AD12: 🏆 Top 5 des livres
B14: =HYPERLINK("#'Tableau de bord'!A1","▦ Tableau de bord") | X14: ● | Y14: =Calculs!E2 | AB14: =Calculs!F2 | AD14: =IFERROR("1. "&INDEX(LIV_Titre,MATCH(LARGE(LIV_Score,1),LIV_Score,0)),"") | AG14: =IFERROR(INDEX(LIV_Total,MATCH(LARGE(LIV_Score,1),LIV_Score,0)),"")
B15: =HYPERLINK("#'Livres'!A1","📚 Livres") | X15: ● | Y15: =Calculs!E3 | AB15: =Calculs!F3 | AD15: =IFERROR(" "&INDEX(LIV_Auteur,MATCH(LARGE(LIV_Score,1),LIV_Score,0)),"")
B16: =HYPERLINK("#'Membres'!A1","👥 Membres") | X16: ● | Y16: =Calculs!E4 | AB16: =Calculs!F4 | AD16: =IFERROR("2. "&INDEX(LIV_Titre,MATCH(LARGE(LIV_Score,2),LIV_Score,0)),"") | AG16: =IFERROR(INDEX(LIV_Total,MATCH(LARGE(LIV_Score,2),LIV_Score,0)),"")
B17: =HYPERLINK("#'Emprunts'!A1","🔄 Emprunts") | X17: ● | Y17: =Calculs!E5 | AB17: =Calculs!F5 | AD17: =IFERROR(" "&INDEX(LIV_Auteur,MATCH(LARGE(LIV_Score,2),LIV_Score,0)),"")
B18: =HYPERLINK("#'Fournitures'!A1","📦 Fournitures") | X18: ● | Y18: =Calculs!E6 | AB18: =Calculs!F6 | AD18: =IFERROR("3. "&INDEX(LIV_Titre,MATCH(LARGE(LIV_Score,3),LIV_Score,0)),"") | AG18: =IFERROR(INDEX(LIV_Total,MATCH(LARGE(LIV_Score,3),LIV_Score,0)),"")
B19: =HYPERLINK("#'Mouvements'!A1","↕ Mouvements de stock") | X19: ● | Y19: =Calculs!E7 | AB19: =Calculs!F7 | AD19: =IFERROR(" "&INDEX(LIV_Auteur,MATCH(LARGE(LIV_Score,3),LIV_Score,0)),"")
B20: =HYPERLINK("#'Recherche'!A1","🔍 Recherche") | X20: ● | Y20: =Calculs!E8 | AB20: =Calculs!F8 | AD20: =IFERROR("4. "&INDEX(LIV_Titre,MATCH(LARGE(LIV_Score,4),LIV_Score,0)),"") | AG20: =IFERROR(INDEX(LIV_Total,MATCH(LARGE(LIV_Score,4),LIV_Score,0)),"")
B21: =HYPERLINK("#'Rapport mensuel'!A1","🖨 Rapport mensuel") | X21: ● | Y21: =Calculs!E9 | AB21: =Calculs!F9 | AD21: =IFERROR(" "&INDEX(LIV_Auteur,MATCH(LARGE(LIV_Score,4),LIV_Score,0)),"")
B22: =HYPERLINK("#'Paramètres'!A1","⚙ Paramètres") | X22: ● | Y22: =Calculs!E10 | AB22: =Calculs!F10 | AD22: =IFERROR("5. "&INDEX(LIV_Titre,MATCH(LARGE(LIV_Score,5),LIV_Score,0)),"") | AG22: =IFERROR(INDEX(LIV_Total,MATCH(LARGE(LIV_Score,5),LIV_Score,0)),"")
Y23: TOTAL | AB23: =SUM(LIV_Ex) | AD23: =IFERROR(" "&INDEX(LIV_Auteur,MATCH(LARGE(LIV_Score,5),LIV_Score,0)),"")
AD25: =HYPERLINK("#'Livres'!E6","Voir le catalogue →")
B30: ☀ Résumé du jour | E30: ⏰ Livres en retard | P30: =HYPERLINK("#'Emprunts'!M6","Voir tout →") | T30: 🕒 Emprunts récents | AE30: =HYPERLINK("#'Emprunts'!E6","Voir tout →")
B31: Emprunts aujourd'hui | C31: =COUNTIF(EMP_Date,TODAY()) | E31: LIVRE | J31: MEMBRE | N31: PRÉVU LE | Q31: RETARD | T31: DATE | V31: MEMBRE | Z31: LIVRE | AE31: STATUT
B32: Retours aujourd'hui | C32: =COUNTIF(EMP_Retour,TODAY()) | E32: =IFERROR(INDEX(EMP_Titre,MATCH(LARGE(EMP_ScoreRetard,1),EMP_ScoreRetard,0)),"") | J32: =IFERROR(INDEX(EMP_Nom,MATCH(LARGE(EMP_ScoreRetard,1),EMP_ScoreRetard,0)),"") | N32: =IFERROR(INDEX(EMP_Prevu,MATCH(LARGE(EMP_ScoreRetard,1),EMP_ScoreRetard,0)),"") | Q32: =IFERROR(INDEX(EMP_Jours,MATCH(LARGE(EMP_ScoreRetard,1),EMP_ScoreRetard,0)),"") | T32: =IFERROR(INDEX(EMP_Date,MATCH(LARGE(EMP_ScoreRecent,1),EMP_ScoreRecent,0)),"") | V32: =IFERROR(INDEX(EMP_Nom,MATCH(LARGE(EMP_ScoreRecent,1),EMP_ScoreRecent,0)),"") | Z32: =IFERROR(INDEX(EMP_Titre,MATCH(LARGE(EMP_ScoreRecent,1),EMP_ScoreRecent,0)),"") | AE32: =IFERROR(INDEX(EMP_Statut,MATCH(LARGE(EMP_ScoreRecent,1),EMP_ScoreRecent,0)),"")
B33: À rendre aujourd'hui | C33: =COUNTIFS(EMP_Prevu,TODAY(),EMP_Retour,"") | E33: =IFERROR(INDEX(EMP_Titre,MATCH(LARGE(EMP_ScoreRetard,2),EMP_ScoreRetard,0)),"") | J33: =IFERROR(INDEX(EMP_Nom,MATCH(LARGE(EMP_ScoreRetard,2),EMP_ScoreRetard,0)),"") | N33: =IFERROR(INDEX(EMP_Prevu,MATCH(LARGE(EMP_ScoreRetard,2),EMP_ScoreRetard,0)),"") | Q33: =IFERROR(INDEX(EMP_Jours,MATCH(LARGE(EMP_ScoreRetard,2),EMP_ScoreRetard,0)),"") | T33: =IFERROR(INDEX(EMP_Date,MATCH(LARGE(EMP_ScoreRecent,2),EMP_ScoreRecent,0)),"") | V33: =IFERROR(INDEX(EMP_Nom,MATCH(LARGE(EMP_ScoreRecent,2),EMP_ScoreRecent,0)),"") | Z33: =IFERROR(INDEX(EMP_Titre,MATCH(LARGE(EMP_ScoreRecent,2),EMP_ScoreRecent,0)),"") | AE33: =IFERROR(INDEX(EMP_Statut,MATCH(LARGE(EMP_ScoreRecent,2),EMP_ScoreRecent,0)),"")
B34: Nouveaux membres (mois) | C34: =COUNTIFS(MEM_Insc,">="&DATE(YEAR(TODAY()),MONTH(TODAY()),1)) | E34: =IFERROR(INDEX(EMP_Titre,MATCH(LARGE(EMP_ScoreRetard,3),EMP_ScoreRetard,0)),"") | J34: =IFERROR(INDEX(EMP_Nom,MATCH(LARGE(EMP_ScoreRetard,3),EMP_ScoreRetard,0)),"") | N34: =IFERROR(INDEX(EMP_Prevu,MATCH(LARGE(EMP_ScoreRetard,3),EMP_ScoreRetard,0)),"") | Q34: =IFERROR(INDEX(EMP_Jours,MATCH(LARGE(EMP_ScoreRetard,3),EMP_ScoreRetard,0)),"") | T34: =IFERROR(INDEX(EMP_Date,MATCH(LARGE(EMP_ScoreRecent,3),EMP_ScoreRecent,0)),"") | V34: =IFERROR(INDEX(EMP_Nom,MATCH(LARGE(EMP_ScoreRecent,3),EMP_ScoreRecent,0)),"") | Z34: =IFERROR(INDEX(EMP_Titre,MATCH(LARGE(EMP_ScoreRecent,3),EMP_ScoreRecent,0)),"") | AE34: =IFERROR(INDEX(EMP_Statut,MATCH(LARGE(EMP_ScoreRecent,3),EMP_ScoreRecent,0)),"")
B35: Livres en retard | C35: =COUNTIF(EMP_Statut,"En retard") | E35: =IFERROR(INDEX(EMP_Titre,MATCH(LARGE(EMP_ScoreRetard,4),EMP_ScoreRetard,0)),"") | J35: =IFERROR(INDEX(EMP_Nom,MATCH(LARGE(EMP_ScoreRetard,4),EMP_ScoreRetard,0)),"") | N35: =IFERROR(INDEX(EMP_Prevu,MATCH(LARGE(EMP_ScoreRetard,4),EMP_ScoreRetard,0)),"") | Q35: =IFERROR(INDEX(EMP_Jours,MATCH(LARGE(EMP_ScoreRetard,4),EMP_ScoreRetard,0)),"") | T35: =IFERROR(INDEX(EMP_Date,MATCH(LARGE(EMP_ScoreRecent,4),EMP_ScoreRecent,0)),"") | V35: =IFERROR(INDEX(EMP_Nom,MATCH(LARGE(EMP_ScoreRecent,4),EMP_ScoreRecent,0)),"") | Z35: =IFERROR(INDEX(EMP_Titre,MATCH(LARGE(EMP_ScoreRecent,4),EMP_ScoreRecent,0)),"") | AE35: =IFERROR(INDEX(EMP_Statut,MATCH(LARGE(EMP_ScoreRecent,4),EMP_ScoreRecent,0)),"")
B36: Amendes à encaisser | C36: =SUMIFS(EMP_Amende,EMP_Paye,"<>Oui") | E36: =IFERROR(INDEX(EMP_Titre,MATCH(LARGE(EMP_ScoreRetard,5),EMP_ScoreRetard,0)),"") | J36: =IFERROR(INDEX(EMP_Nom,MATCH(LARGE(EMP_ScoreRetard,5),EMP_ScoreRetard,0)),"") | N36: =IFERROR(INDEX(EMP_Prevu,MATCH(LARGE(EMP_ScoreRetard,5),EMP_ScoreRetard,0)),"") | Q36: =IFERROR(INDEX(EMP_Jours,MATCH(LARGE(EMP_ScoreRetard,5),EMP_ScoreRetard,0)),"") | T36: =IFERROR(INDEX(EMP_Date,MATCH(LARGE(EMP_ScoreRecent,5),EMP_ScoreRecent,0)),"") | V36: =IFERROR(INDEX(EMP_Nom,MATCH(LARGE(EMP_ScoreRecent,5),EMP_ScoreRecent,0)),"") | Z36: =IFERROR(INDEX(EMP_Titre,MATCH(LARGE(EMP_ScoreRecent,5),EMP_ScoreRecent,0)),"") | AE36: =IFERROR(INDEX(EMP_Statut,MATCH(LARGE(EMP_ScoreRecent,5),EMP_ScoreRecent,0)),"")
E39: 📦 Fournitures en alerte | P39: =HYPERLINK("#'Fournitures'!E6","Voir le stock →") | T39: État des stocks de fournitures | AD39: ⚡ Actions rapides
E40: ARTICLE | J40: UNITÉ | L40: STOCK | N40: SEUIL MIN. | Q40: STATUT
E41: =IFERROR(INDEX(FOU_Article,MATCH(SMALL(FOU_Score,1),FOU_Score,0)),"") | J41: =IFERROR(INDEX(FOU_Unite,MATCH(SMALL(FOU_Score,1),FOU_Score,0)),"") | L41: =IFERROR(INDEX(FOU_Stock,MATCH(SMALL(FOU_Score,1),FOU_Score,0)),"") | N41: =IFERROR(INDEX(FOU_Seuil,MATCH(SMALL(FOU_Score,1),FOU_Score,0)),"") | Q41: =IFERROR(INDEX(FOU_Statut,MATCH(SMALL(FOU_Score,1),FOU_Score,0)),"") | AD41: =HYPERLINK("#'Emprunts'!F"&(7+COUNTIF(EMP_Date,">0")),"＋ Nouvel emprunt")
E42: =IFERROR(INDEX(FOU_Article,MATCH(SMALL(FOU_Score,2),FOU_Score,0)),"") | J42: =IFERROR(INDEX(FOU_Unite,MATCH(SMALL(FOU_Score,2),FOU_Score,0)),"") | L42: =IFERROR(INDEX(FOU_Stock,MATCH(SMALL(FOU_Score,2),FOU_Score,0)),"") | N42: =IFERROR(INDEX(FOU_Seuil,MATCH(SMALL(FOU_Score,2),FOU_Score,0)),"") | Q42: =IFERROR(INDEX(FOU_Statut,MATCH(SMALL(FOU_Score,2),FOU_Score,0)),"") | X42: ● | Y42: ="En stock" | AB42: =Calculs!I2 | AD42: =HYPERLINK("#'Emprunts'!L"&IFERROR(MATCH("",EMP_Retour,0)+6,7),"↩ Enregistrer un retour")
E43: =IFERROR(INDEX(FOU_Article,MATCH(SMALL(FOU_Score,3),FOU_Score,0)),"") | J43: =IFERROR(INDEX(FOU_Unite,MATCH(SMALL(FOU_Score,3),FOU_Score,0)),"") | L43: =IFERROR(INDEX(FOU_Stock,MATCH(SMALL(FOU_Score,3),FOU_Score,0)),"") | N43: =IFERROR(INDEX(FOU_Seuil,MATCH(SMALL(FOU_Score,3),FOU_Score,0)),"") | Q43: =IFERROR(INDEX(FOU_Statut,MATCH(SMALL(FOU_Score,3),FOU_Score,0)),"") | X43: ● | Y43: ="Stock faible" | AB43: =Calculs!I3 | AD43: =HYPERLINK("#'Livres'!E"&(7+COUNTIF(LIV_Code,"?*")),"＋ Nouveau livre")
E44: =IFERROR(INDEX(FOU_Article,MATCH(SMALL(FOU_Score,4),FOU_Score,0)),"") | J44: =IFERROR(INDEX(FOU_Unite,MATCH(SMALL(FOU_Score,4),FOU_Score,0)),"") | L44: =IFERROR(INDEX(FOU_Stock,MATCH(SMALL(FOU_Score,4),FOU_Score,0)),"") | N44: =IFERROR(INDEX(FOU_Seuil,MATCH(SMALL(FOU_Score,4),FOU_Score,0)),"") | Q44: =IFERROR(INDEX(FOU_Statut,MATCH(SMALL(FOU_Score,4),FOU_Score,0)),"") | X44: ● | Y44: ="Rupture" | AB44: =Calculs!I4 | AD44: =HYPERLINK("#'Membres'!E"&(7+COUNTIF(MEM_ID,"?*")),"＋ Nouveau membre")
E45: =IFERROR(INDEX(FOU_Article,MATCH(SMALL(FOU_Score,5),FOU_Score,0)),"") | J45: =IFERROR(INDEX(FOU_Unite,MATCH(SMALL(FOU_Score,5),FOU_Score,0)),"") | L45: =IFERROR(INDEX(FOU_Stock,MATCH(SMALL(FOU_Score,5),FOU_Score,0)),"") | N45: =IFERROR(INDEX(FOU_Seuil,MATCH(SMALL(FOU_Score,5),FOU_Score,0)),"") | Q45: =IFERROR(INDEX(FOU_Statut,MATCH(SMALL(FOU_Score,5),FOU_Score,0)),"") | Y45: TOTAL ARTICLES | AB45: =COUNTIF(FOU_Code,"?*") | AD45: =HYPERLINK("#'Mouvements'!F"&(7+COUNTIF(MOV_Date,">0")),"↕ Mouvement de stock")
E46: =IFERROR(INDEX(FOU_Article,MATCH(SMALL(FOU_Score,6),FOU_Score,0)),"") | J46: =IFERROR(INDEX(FOU_Unite,MATCH(SMALL(FOU_Score,6),FOU_Score,0)),"") | L46: =IFERROR(INDEX(FOU_Stock,MATCH(SMALL(FOU_Score,6),FOU_Score,0)),"") | N46: =IFERROR(INDEX(FOU_Seuil,MATCH(SMALL(FOU_Score,6),FOU_Score,0)),"") | Q46: =IFERROR(INDEX(FOU_Statut,MATCH(SMALL(FOU_Score,6),FOU_Score,0)),"") | AD46: =HYPERLINK("#'Recherche'!F5","🔍 Rechercher")
B50: Made by Alexandre Declaire | E50: ="Bibliothèque "&P_Ecole&" · Les chiffres se mettent à jour automatiquement à partir des feuilles de données."

Sheet Livres
E2: 📚 Catalogue des livres | N2: =HYPERLINK("#'Tableau de bord'!A1","⌂ Tableau de bord") | P2: =HYPERLINK("#'Livres'!E"&(7+COUNTIF(LIV_Code,"?*")),"＋ Nouveau livre")
E3: Saisissez dans les colonnes blanches — les colonnes bleutées se calculent automatiquement.
E4: =COUNTIF(LIV_Code,"?*")&" titres" | G4: =SUM(LIV_Ex)&" exemplaires" | I4: =SUM(LIV_Dispo)&" disponibles" | K4: =SUM(LIV_Emp)&" empruntés"
E6: Code | F6: ISBN | G6: Titre | H6: Auteur | I6: Catégorie | J6: Éditeur | K6: Année | L6: Exemplaires | M6: Emplacement | N6: Empruntés | O6: Disponibles | P6: Total emprunts | Q6: Statut
E7: LIV-001 | F7: 978-2-2824-1409-4 | G7: L'Enfant noir | H7: Camara Laye | I7: Littérature africaine | J7: Plon | K7: 1953 | L7: 4 | M7: Rayon B2 | N7: =IF($E7="","",COUNTIFS(EMP_Livre,$E7,EMP_Retour,"")) | O7: =IF($E7="","",$L7-$N7) | P7: =IF($E7="","",COUNTIF(EMP_Livre,$E7)) | Q7: =IF($E7="","",IF($O7<=0,"Indisponible",IF(AND($O7=1,$L7>1),"Dernier exemplaire","Disponible"))) | S7: =IF($E7="","",$P7+ROW()/100000) | T7: =IF(OR(Q_Rech="",$E7=""),"",IF(ISNUMBER(SEARCH(Q_Rech,$E7&" "&$F7&" "&$G7&" "&$H7&" "&$I7)),COUNT($T$6:$T6)+1,"")) | U7: =IF($E7="","",IF(COUNTIFS(EMP_Livre,$E7,EMP_Date,">="&R_Mois,EMP_Date,"<"&EDATE(R_Mois,1))=0,"",COUNTIFS(EMP_Livre,$E7,EMP_Date,">="&R_Mois,EMP_Date,"<"&EDATE(R_Mois,1))+ROW()/100000))
B8: =HYPERLINK("#'Tableau de bord'!A1","▦ Tableau de bord") | E8: LIV-002 | F8: 978-2-3286-2679-8 | G8: Une si longue lettre | H8: Mariama Bâ | I8: Littérature africaine | J8: NEA | K8: 1979 | L8: 3 | M8: Rayon B4 | N8: =IF($E8="","",COUNTIFS(EMP_Livre,$E8,EMP_Retour,"")) | O8: =IF($E8="","",$L8-$N8) | P8: =IF($E8="","",COUNTIF(EMP_Livre,$E8)) | Q8: =IF($E8="","",IF($O8<=0,"Indisponible",IF(AND($O8=1,$L8>1),"Dernier exemplaire","Disponible"))) | S8: =IF($E8="","",$P8+ROW()/100000) | T8: =IF(OR(Q_Rech="",$E8=""),"",IF(ISNUMBER(SEARCH(Q_Rech,$E8&" "&$F8&" "&$G8&" "&$H8&" "&$I8)),COUNT($T$6:$T7)+1,"")) | U8: =IF($E8="","",IF(COUNTIFS(EMP_Livre,$E8,EMP_Date,">="&R_Mois,EMP_Date,"<"&EDATE(R_Mois,1))=0,"",COUNTIFS(EMP_Livre,$E8,EMP_Date,">="&R_Mois,EMP_Date,"<"&EDATE(R_Mois,1))+ROW()/100000))
B9: =HYPERLINK("#'Livres'!A1","📚 Livres") | E9: LIV-003 | F9: 978-2-1520-1488-1 | G9: Le Vieux Nègre et la médaille | H9: Ferdinand Oyono | I9: Littérature africaine | J9: Julliard | K9: 1956 | L9: 2 | M9: Rayon B2 | N9: =IF($E9="","",COUNTIFS(EMP_Livre,$E9,EMP_Retour,"")) | O9: =IF($E9="","",$L9-$N9) | P9: =IF($E9="","",COUNTIF(EMP_Livre,$E9)) | Q9: =IF($E9="","",IF($O9<=0,"Indisponible",IF(AND($O9=1,$L9>1),"Dernier exemplaire","Disponible"))) | S9: =IF($E9="","",$P9+ROW()/100000) | T9: =IF(OR(Q_Rech="",$E9=""),"",IF(ISNUMBER(SEARCH(Q_Rech,$E9&" "&$F9&" "&$G9&" "&$H9&" "&$I9)),COUNT($T$6:$T8)+1,"")) | U9: =IF($E9="","",IF(COUNTIFS(EMP_Livre,$E9,EMP_Date,">="&R_Mois,EMP_Date,"<"&EDATE(R_Mois,1))=0,"",COUNTIFS(EMP_Livre,$E9,EMP_Date,">="&R_Mois,EMP_Date,"<"&EDATE(R_Mois,1))+ROW()/100000))
B10: =HYPERLINK("#'Membres'!A1","👥 Membres") | E10: LIV-004 | F10: 978-2-9279-1434-8 | G10: Les Soleils des indépendances | H10: Ahmadou Kourouma | I10: Littérature africaine | J10: Seuil | K10: 1968 | L10: 4 | M10: Rayon B4 | N10: =IF($E10="","",COUNTIFS(EMP_Livre,$E10,EMP_Retour,"")) | O10: =IF($E10="","",$L10-$N10) | P10: =IF($E10="","",COUNTIF(EMP_Livre,$E10)) | Q10: =IF($E10="","",IF($O10<=0,"Indisponible",IF(AND($O10=1,$L10>1),"Dernier exemplaire","Disponible"))) | S10: =IF($E10="","",$P10+ROW()/100000) | T10: =IF(OR(Q_Rech="",$E10=""),"",IF(ISNUMBER(SEARCH(Q_Rech,$E10&" "&$F10&" "&$G10&" "&$H10&" "&$I10)),COUNT($T$6:$T9)+1,"")) | U10: =IF($E10="","",IF(COUNTIFS(EMP_Livre,$E10,EMP_Date,">="&R_Mois,EMP_Date,"<"&EDATE(R_Mois,1))=0,"",COUNTIFS(EMP_Livre,$E10,EMP_Date,">="&R_Mois,EMP_Date,"<"&EDATE(R_Mois,1))+ROW()/100000))
B11: =HYPERLINK("#'Emprunts'!A1","🔄 Emprunts") | E11: LIV-005 | F11: 978-2-4611-8359-9 | G11: Things Fall Apart | H11: Chinua Achebe | I11: Littérature africaine | J11: Heinemann | K11: 1958 | L11: 2 | M11: Rayon B1 | N11: =IF($E11="","",COUNTIFS(EMP_Livre,$E11,EMP_Retour,"")) | O11: =IF($E11="","",$L11-$N11) | P11: =IF($E11="","",COUNTIF(EMP_Livre,$E11)) | Q11: =IF($E11="","",IF($O11<=0,"Indisponible",IF(AND($O11=1,$L11>1),"Dernier exemplaire","Disponible"))) | S11: =IF($E11="","",$P11+ROW()/100000) | T11: =IF(OR(Q_Rech="",$E11=""),"",IF(ISNUMBER(SEARCH(Q_Rech,$E11&" "&$F11&" "&$G11&" "&$H11&" "&$I11)),COUNT($T$6:$T10)+1,"")) | U11: =IF($E11="","",IF(COUNTIFS(EMP_Livre,$E11,EMP_Date,">="&R_Mois,EMP_Date,"<"&EDATE(R_Mois,1))=0,"",COUNTIFS(EMP_Livre,$E11,EMP_Date,">="&R_Mois,EMP_Date,"<"&EDATE(R_Mois,1))+ROW()/100000))
B12: =HYPERLINK("#'Fournitures'!A1","📦 Fournitures") | E12: LIV-006 | F12: 978-2-3615-7924-5 | G12: Ville cruelle | H12: Mongo Beti | I12: Littérature africaine | J12: Présence Africaine | K12: 1954 | L12: 2 | M12: Rayon B2 | N12: =IF($E12="","",COUNTIFS(EMP_Livre,$E12,EMP_Retour,"")) | O12: =IF($E12="","",$L12-$N12) | P12: =IF($E12="","",COUNTIF(EMP_Livre,$E12)) | Q12: =IF($E12="","",IF($O12<=0,"Indisponible",IF(AND($O12=1,$L12>1),"Dernier exemplaire","Disponible"))) | S12: =IF($E12="","",$P12+ROW()/100000) | T12: =IF(OR(Q_Rech="",$E12=""),"",IF(ISNUMBER(SEARCH(Q_Rech,$E12&" "&$F12&" "&$G12&" "&$H12&" "&$I12)),COUNT($T$6:$T11)+1,"")) | U12: =IF($E12="","",IF(COUNTIFS(EMP_Livre,$E12,EMP_Date,">="&R_Mois,EMP_Date,"<"&EDATE(R_Mois,1))=0,"",COUNTIFS(EMP_Livre,$E12,EMP_Date,">="&R_Mois,EMP_Date,"<"&EDATE(R_Mois,1))+ROW()/100000))
B13: =HYPERLINK("#'Mouvements'!A1","↕ Mouvements de stock") | E13: LIV-007 | F13: 978-2-4527-6514-1 | G13: Le Pleurer-Rire | H13: Henri Lopes | I13: Littérature africaine | J13: Présence Africaine | K13: 1982 | L13: 1 | M13: Rayon B4 | N13: =IF($E13="","",COUNTIFS(EMP_Livre,$E13,EMP_Retour,"")) | O13: =IF($E13="","",$L13-$N13) | P13: =IF($E13="","",COUNTIF(EMP_Livre,$E13)) | Q13: =IF($E13="","",IF($O13<=0,"Indisponible",IF(AND($O13=1,$L13>1),"Dernier exemplaire","Disponible"))) | S13: =IF($E13="","",$P13+ROW()/100000) | T13: =IF(OR(Q_Rech="",$E13=""),"",IF(ISNUMBER(SEARCH(Q_Rech,$E13&" "&$F13&" "&$G13&" "&$H13&" "&$I13)),COUNT($T$6:$T12)+1,"")) | U13: =IF($E13="","",IF(COUNTIFS(EMP_Livre,$E13,EMP_Date,">="&R_Mois,EMP_Date,"<"&EDATE(R_Mois,1))=0,"",COUNTIFS(EMP_Livre,$E13,EMP_Date,">="&R_Mois,EMP_Date,"<"&EDATE(R_Mois,1))+ROW()/100000))
B14: =HYPERLINK("#'Recherche'!A1","🔍 Recherche") | E14: LIV-008 | F14: 978-2-2584-6881-5 | G14: Allah n'est pas obligé | H14: Ahmadou Kourouma | I14: Littérature africaine | J14: Seuil | K14: 2000 | L14: 3 | M14: Rayon B3 | N14: =IF($E14="","",COUNTIFS(EMP_Livre,$E14,EMP_Retour,"")) | O14: =IF($E14="","",$L14-$N14) | P14: =IF($E14="","",COUNTIF(EMP_Livre,$E14)) | Q14: =IF($E14="","",IF($O14<=0,"Indisponible",IF(AND($O14=1,$L14>1),"Dernier exemplaire","Disponible"))) | S14: =IF($E14="","",$P14+ROW()/100000) | T14: =IF(OR(Q_Rech="",$E14=""),"",IF(ISNUMBER(SEARCH(Q_Rech,$E14&" "&$F14&" "&$G14&" "&$H14&" "&$I14)),COUNT($T$6:$T13)+1,"")) | U14: =IF($E14="","",IF(COUNTIFS(EMP_Livre,$E14,EMP_Date,">="&R_Mois,EMP_Date,"<"&EDATE(R_Mois,1))=0,"",COUNTIFS(EMP_Livre,$E14,EMP_Date,">="&R_Mois,EMP_Date,"<"&EDATE(R_Mois,1))+ROW()/100000))
B15: =HYPERLINK("#'Rapport mensuel'!A1","🖨 Rapport mensuel") | E15: LIV-009 | F15: 978-2-1711-8527-8 | G15: Les Bouts de bois de Dieu | H15: Sembène Ousmane | I15: Littérature africaine | J15: Pocket | K15: 1960 | L15: 1 | M15: Rayon B4 | N15: =IF($E15="","",COUNTIFS(EMP_Livre,$E15,EMP_Retour,"")) | O15: =IF($E15="","",$L15-$N15) | P15: =IF($E15="","",COUNTIF(EMP_Livre,$E15)) | Q15: =IF($E15="","",IF($O15<=0,"Indisponible",IF(AND($O15=1,$L15>1),"Dernier exemplaire","Disponible"))) | S15: =IF($E15="","",$P15+ROW()/100000) | T15: =IF(OR(Q_Rech="",$E15=""),"",IF(ISNUMBER(SEARCH(Q_Rech,$E15&" "&$F15&" "&$G15&" "&$H15&" "&$I15)),COUNT($T$6:$T14)+1,"")) | U15: =IF($E15="","",IF(COUNTIFS(EMP_Livre,$E15,EMP_Date,">="&R_Mois,EMP_Date,"<"&EDATE(R_Mois,1))=0,"",COUNTIFS(EMP_Livre,$E15,EMP_Date,">="&R_Mois,EMP_Date,"<"&EDATE(R_Mois,1))+ROW()/100000))
B16: =HYPERLINK("#'Paramètres'!A1","⚙ Paramètres") | E16: LIV-010 | F16: 978-2-2291-5803-9 | G16: Petit Pays | H16: Gaël Faye | I16: Littérature africaine | J16: Grasset | K16: 2016 | L16: 5 | M16: Rayon B2 | N16: =IF($E16="","",COUNTIFS(EMP_Livre,$E16,EMP_Retour,"")) | O16: =IF($E16="","",$L16-$N16) | P16: =IF($E16="","",COUNTIF(EMP_Livre,$E16)) | Q16: =IF($E16="","",IF($O16<=0,"Indisponible",IF(AND($O16=1,$L16>1),"Dernier exemplaire","Disponible"))) | S16: =IF($E16="","",$P16+ROW()/100000) | T16: =IF(OR(Q_Rech="",$E16=""),"",IF(ISNUMBER(SEARCH(Q_Rech,$E16&" "&$F16&" "&$G16&" "&$H16&" "&$I16)),COUNT($T$6:$T15)+1,"")) | U16: =IF($E16="","",IF(COUNTIFS(EMP_Livre,$E16,EMP_Date,">="&R_Mois,EMP_Date,"<"&EDATE(R_Mois,1))=0,"",COUNTIFS(EMP_Livre,$E16,EMP_Date,">="&R_Mois,EMP_Date,"<"&EDATE(R_Mois,1))+ROW()/100000))
E17: LIV-011 | F17: 978-2-2139-1750-3 | G17: Le Petit Prince | H17: Antoine de Saint-Exupéry | I17: Jeunesse | J17: Gallimard | K17: 1943 | L17: 5 | M17: Rayon H1 | N17: =IF($E17="","",COUNTIFS(EMP_Livre,$E17,EMP_Retour,"")) | O17: =IF($E17="","",$L17-$N17) | P17: =IF($E17="","",COUNTIF(EMP_Livre,$E17)) | Q17: =IF($E17="","",IF($O17<=0,"Indisponible",IF(AND($O17=1,$L17>1),"Dernier exemplaire","Disponible"))) | S17: =IF($E17="","",$P17+ROW()/100000) | T17: =IF(OR(Q_Rech="",$E17=""),"",IF(ISNUMBER(SEARCH(Q_Rech,$E17&" "&$F17&" "&$G17&" "&$H17&" "&$I17)),COUNT($T$6:$T16)+1,"")) | U17: =IF($E17="","",IF(COUNTIFS(EMP_Livre,$E17,EMP_Date,">="&R_Mois,EMP_Date,"<"&EDATE(R_Mois,1))=0,"",COUNTIFS(EMP_Livre,$E17,EMP_Date,">="&R_Mois,EMP_Date,"<"&EDATE(R_Mois,1))+ROW()/100000))
E18: LIV-012 | F18: 978-2-4814-2654-6 | G18: Les Misérables | H18: Victor Hugo | I18: Roman | J18: Folio | K18: 1862 | L18: 2 | M18: Rayon A4 | N18: =IF($E18="","",COUNTIFS(EMP_Livre,$E18,EMP_Retour,"")) | O18: =IF($E18="","",$L18-$N18) | P18: =IF($E18="","",COUNTIF(EMP_Livre,$E18)) | Q18: =IF($E18="","",IF($O18<=0,"Indisponible",IF(AND($O18=1,$L18>1),"Dernier exemplaire","Disponible"))) | S18: =IF($E18="","",$P18+ROW()/100000) | T18: =IF(OR(Q_Rech="",$E18=""),"",IF(ISNUMBER(SEARCH(Q_Rech,$E18&" "&$F18&" "&$G18&" "&$H18&" "&$I18)),COUNT($T$6:$T17)+1,"")) | U18: =IF($E18="","",IF(COUNTIFS(EMP_Livre,$E18,EMP_Date,">="&R_Mois,EMP_Date,"<"&EDATE(R_Mois,1))=0,"",COUNTIFS(EMP_Livre,$E18,EMP_Date,">="&R_Mois,EMP_Date,"<"&EDATE(R_Mois,1))+ROW()/100000))
E19: LIV-013 | F19: 978-2-6977-3664-5 | G19: Germinal | H19: Émile Zola | I19: Roman | J19: Folio | K19: 1885 | L19: 2 | M19: Rayon A2 | N19: =IF($E19="","",COUNTIFS(EMP_Livre,$E19,EMP_Retour,"")) | O19: =IF($E19="","",$L19-$N19) | P19: =IF($E19="","",COUNTIF(EMP_Livre,$E19)) | Q19: =IF($E19="","",IF($O19<=0,"Indisponible",IF(AND($O19=1,$L19>1),"Dernier exemplaire","Disponible"))) | S19: =IF($E19="","",$P19+ROW()/100000) | T19: =IF(OR(Q_Rech="",$E19=""),"",IF(ISNUMBER(SEARCH(Q_Rech,$E19&" "&$F19&" "&$G19&" "&$H19&" "&$I19)),COUNT($T$6:$T18)+1,"")) | U19: =IF($E19="","",IF(COUNTIFS(EMP_Livre,$E19,EMP_Date,">="&R_Mois,EMP_Date,"<"&EDATE(R_Mois,1))=0,"",COUNTIFS(EMP_Livre,$E19,EMP_Date,">="&R_Mois,EMP_Date,"<"&EDATE(R_Mois,1))+ROW()/100000))
E20: LIV-014 | F20: 978-2-5374-2169-9 | G20: L'Étranger | H20: Albert Camus | I20: Roman | J20: Folio | K20: 1942 | L20: 4 | M20: Rayon A2 | N20: =IF($E20="","",COUNTIFS(EMP_Livre,$E20,EMP_Retour,"")) | O20: =IF($E20="","",$L20-$N20) | P20: =IF($E20="","",COUNTIF(EMP_Livre,$E20)) | Q20: =IF($E20="","",IF($O20<=0,"Indisponible",IF(AND($O20=1,$L20>1),"Dernier exemplaire","Disponible"))) | S20: =IF($E20="","",$P20+ROW()/100000) | T20: =IF(OR(Q_Rech="",$E20=""),"",IF(ISNUMBER(SEARCH(Q_Rech,$E20&" "&$F20&" "&$G20&" "&$H20&" "&$I20)),COUNT($T$6:$T19)+1,"")) | U20: =IF($E20="","",IF(COUNTIFS(EMP_Livre,$E20,EMP_Date,">="&R_Mois,EMP_Date,"<"&EDATE(R_Mois,1))=0,"",COUNTIFS(EMP_Livre,$E20,EMP_Date,">="&R_Mois,EMP_Date,"<"&EDATE(R_Mois,1))+ROW()/100000))
E21: LIV-015 | F21: 978-2-3677-8573-6 | G21: Candide | H21: Voltaire | I21: Roman | J21: Librio | K21: 1759 | L21: 2 | M21: Rayon A2 | N21: =IF($E21="","",COUNTIFS(EMP_Livre,$E21,EMP_Retour,"")) | O21: =IF($E21="","",$L21-$N21) | P21: =IF($E21="","",COUNTIF(EMP_Livre,$E21)) | Q21: =IF($E21="","",IF($O21<=0,"Indisponible",IF(AND($O21=1,$L21>1),"Dernier exemplaire","Disponible"))) | S21: =IF($E21="","",$P21+ROW()/100000) | T21: =IF(OR(Q_Rech="",$E21=""),"",IF(ISNUMBER(SEARCH(Q_Rech,$E21&" "&$F21&" "&$G21&" "&$H21&" "&$I21)),COUNT($T$6:$T20)+1,"")) | U21: =IF($E21="","",IF(COUNTIFS(EMP_Livre,$E21,EMP_Date,">="&R_Mois,EMP_Date,"<"&EDATE(R_Mois,1))=0,"",COUNTIFS(EMP_Livre,$E21,EMP_Date,">="&R_Mois,EMP_Date,"<"&EDATE(R_Mois,1))+ROW()/100000))
E22: LIV-016 | F22: 978-2-6313-1916-3 | G22: Vingt mille lieues sous les mers | H22: Jules Verne | I22: Roman | J22: Hetzel | K22: 1870 | L22: 1 | M22: Rayon A3 | N22: =IF($E22="","",COUNTIFS(EMP_Livre,$E22,EMP_Retour,"")) | O22: =IF($E22="","",$L22-$N22) | P22: =IF($E22="","",COUNTIF(EMP_Livre,$E22)) | Q22: =IF($E22="","",IF($O22<=0,"Indisponible",IF(AND($O22=1,$L22>1),"Dernier exemplaire","Disponible"))) | S22: =IF($E22="","",$P22+ROW()/100000) | T22: =IF(OR(Q_Rech="",$E22=""),"",IF(ISNUMBER(SEARCH(Q_Rech,$E22&" "&$F22&" "&$G22&" "&$H22&" "&$I22)),COUNT($T$6:$T21)+1,"")) | U22: =IF($E22="","",IF(COUNTIFS(EMP_Livre,$E22,EMP_Date,">="&R_Mois,EMP_Date,"<"&EDATE(R_Mois,1))=0,"",COUNTIFS(EMP_Livre,$E22,EMP_Date,">="&R_Mois,EMP_Date,"<"&EDATE(R_Mois,1))+ROW()/100000))
E23: LIV-017 | F23: 978-2-7572-5386-1 | G23: Le Tour du monde en 80 jours | H23: Jules Verne | I23: Roman | J23: Hetzel | K23: 1872 | L23: 2 | M23: Rayon A3 | N23: =IF($E23="","",COUNTIFS(EMP_Livre,$E23,EMP_Retour,"")) | O23: =IF($E23="","",$L23-$N23) | P23: =IF($E23="","",COUNTIF(EMP_Livre,$E23)) | Q23: =IF($E23="","",IF($O23<=0,"Indisponible",IF(AND($O23=1,$L23>1),"Dernier exemplaire","Disponible"))) | S23: =IF($E23="","",$P23+ROW()/100000) | T23: =IF(OR(Q_Rech="",$E23=""),"",IF(ISNUMBER(SEARCH(Q_Rech,$E23&" "&$F23&" "&$G23&" "&$H23&" "&$I23)),COUNT($T$6:$T22)+1,"")) | U23: =IF($E23="","",IF(COUNTIFS(EMP_Livre,$E23,EMP_Date,">="&R_Mois,EMP_Date,"<"&EDATE(R_Mois,1))=0,"",COUNTIFS(EMP_Livre,$E23,EMP_Date,">="&R_Mois,EMP_Date,"<"&EDATE(R_Mois,1))+ROW()/100000))
E24: LIV-018 | F24: 978-2-4483-9179-6 | G24: Antigone | H24: Jean Anouilh | I24: Roman | J24: La Table Ronde | K24: 1944 | L24: 4 | M24: Rayon A4 | N24: =IF($E24="","",COUNTIFS(EMP_Livre,$E24,EMP_Retour,"")) | O24: =IF($E24="","",$L24-$N24) | P24: =IF($E24="","",COUNTIF(EMP_Livre,$E24)) | Q24: =IF($E24="","",IF($O24<=0,"Indisponible",IF(AND($O24=1,$L24>1),"Dernier exemplaire","Disponible"))) | S24: =IF($E24="","",$P24+ROW()/100000) | T24: =IF(OR(Q_Rech="",$E24=""),"",IF(ISNUMBER(SEARCH(Q_Rech,$E24&" "&$F24&" "&$G24&" "&$H24&" "&$I24)),COUNT($T$6:$T23)+1,"")) | U24: =IF($E24="","",IF(COUNTIFS(EMP_Livre,$E24,EMP_Date,">="&R_Mois,EMP_Date,"<"&EDATE(R_Mois,1))=0,"",COUNTIFS(EMP_Livre,$E24,EMP_Date,">="&R_Mois,EMP_Date,"<"&EDATE(R_Mois,1))+ROW()/100000))
E25: LIV-019 | F25: 978-2-3340-5339-2 | G25: Le Cid | H25: Pierre Corneille | I25: Roman | J25: Larousse | K25: 1637 | L25: 2 | M25: Rayon A3 | N25: =IF($E25="","",COUNTIFS(EMP_Livre,$E25,EMP_Retour,"")) | O25: =IF($E25="","",$L25-$N25) | P25: =IF($E25="","",COUNTIF(EMP_Livre,$E25)) | Q25: =IF($E25="","",IF($O25<=0,"Indisponible",IF(AND($O25=1,$L25>1),"Dernier exemplaire","Disponible"))) | S25: =IF($E25="","",$P25+ROW()/100000) | T25: =IF(OR(Q_Rech="",$E25=""),"",IF(ISNUMBER(SEARCH(Q_Rech,$E25&" "&$F25&" "&$G25&" "&$H25&" "&$I25)),COUNT($T$6:$T24)+1,"")) | U25: =IF($E25="","",IF(COUNTIFS(EMP_Livre,$E25,EMP_Date,">="&R_Mois,EMP_Date,"<"&EDATE(R_Mois,1))=0,"",COUNTIFS(EMP_Livre,$E25,EMP_Date,">="&R_Mois,EMP_Date,"<"&EDATE(R_Mois,1))+ROW()/100000))
E26: LIV-020 | F26: 978-2-8019-7543-5 | G26: Le Malade imaginaire | H26: Molière | I26: Roman | J26: Larousse | K26: 1673 | L26: 2 | M26: Rayon A2 | N26: =IF($E26="","",COUNTIFS(EMP_Livre,$E26,EMP_Retour,"")) | O26: =IF($E26="","",$L26-$N26) | P26: =IF($E26="","",COUNTIF(EMP_Livre,$E26)) | Q26: =IF($E26="","",IF($O26<=0,"Indisponible",IF(AND($O26=1,$L26>1),"Dernier exemplaire","Disponible"))) | S26: =IF($E26="","",$P26+ROW()/100000) | T26: =IF(OR(Q_Rech="",$E26=""),"",IF(ISNUMBER(SEARCH(Q_Rech,$E26&" "&$F26&" "&$G26&" "&$H26&" "&$I26)),COUNT($T$6:$T25)+1,"")) | U26: =IF($E26="","",IF(COUNTIFS(EMP_Livre,$E26,EMP_Date,">="&R_Mois,EMP_Date,"<"&EDATE(R_Mois,1))=0,"",COUNTIFS(EMP_Livre,$E26,EMP_Date,">="&R_Mois,EMP_Date,"<"&EDATE(R_Mois,1))+ROW()/100000))
E27: LIV-021 | F27: 978-2-9348-9085-1 | G27: Le Lion | H27: Joseph Kessel | I27: Roman | J27: Folio | K27: 1958 | L27: 1 | M27: Rayon A1 | N27: =IF($E27="","",COUNTIFS(EMP_Livre,$E27,EMP_Retour,"")) | O27: =IF($E27="","",$L27-$N27) | P27: =IF($E27="","",COUNTIF(EMP_Livre,$E27)) | Q27: =IF($E27="","",IF($O27<=0,"Indisponible",IF(AND($O27=1,$L27>1),"Dernier exemplaire","Disponible"))) | S27: =IF($E27="","",$P27+ROW()/100000) | T27: =IF(OR(Q_Rech="",$E27=""),"",IF(ISNUMBER(SEARCH(Q_Rech,$E27&" "&$F27&" "&$G27&" "&$H27&" "&$I27)),COUNT($T$6:$T26)+1,"")) | U27: =IF($E27="","",IF(COUNTIFS(EMP_Livre,$E27,EMP_Date,">="&R_Mois,EMP_Date,"<"&EDATE(R_Mois,1))=0,"",COUNTIFS(EMP_Livre,$E27,EMP_Date,">="&R_Mois,EMP_Date,"<"&EDATE(R_Mois,1))+ROW()/100000))
E28: LIV-022 | F28: 978-2-3504-3621-6 | G28: Bel-Ami | H28: Guy de Maupassant | I28: Roman | J28: Folio | K28: 1885 | L28: 3 | M28: Rayon A1 | N28: =IF($E28="","",COUNTIFS(EMP_Livre,$E28,EMP_Retour,"")) | O28: =IF($E28="","",$L28-$N28) | P28: =IF($E28="","",COUNTIF(EMP_Livre,$E28)) | Q28: =IF($E28="","",IF($O28<=0,"Indisponible",IF(AND($O28=1,$L28>1),"Dernier exemplaire","Disponible"))) | S28: =IF($E28="","",$P28+ROW()/100000) | T28: =IF(OR(Q_Rech="",$E28=""),"",IF(ISNUMBER(SEARCH(Q_Rech,$E28&" "&$F28&" "&$G28&" "&$H28&" "&$I28)),COUNT($T$6:$T27)+1,"")) | U28: =IF($E28="","",IF(COUNTIFS(EMP_Livre,$E28,EMP_Date,">="&R_Mois,EMP_Date,"<"&EDATE(R_Mois,1))=0,"",COUNTIFS(EMP_Livre,$E28,EMP_Date,">="&R_Mois,EMP_Date,"<"&EDATE(R_Mois,1))+ROW()/100000))
... E66: LIV-060 | F66: 978-2-9808-4492-8 | G66: Chaka | H66: Thomas Mofolo | I66: Littérature africaine | J66: Gallimard | K66: 1925 | L66: 2 | M66: Rayon B2 | N66: =IF($E66="","",COUNTIFS(EMP_Livre,$E66,EMP_Retour,"")) | O66: =IF($E66="","",$L66-$N66) | P66: =IF($E66="","",COUNTIF(EMP_Livre,$E66)) | Q66: =IF($E66="","",IF($O66<=0,"Indisponible",IF(AND($O66=1,$L66>1),"Dernier exemplaire","Disponible"))) | S66: =IF($E66="","",$P66+ROW()/100000) | T66: =IF(OR(Q_Rech="",$E66=""),"",IF(ISNUMBER(SEARCH(Q_Rech,$E66&" "&$F66&" "&$G66&" "&$H66&" "&$I66)),COUNT($T$6:$T65)+1,"")) | U66: =IF($E66="","",IF(COUNTIFS(EMP_Livre,$E66,EMP_Date,">="&R_Mois,EMP_Date,"<"&EDATE(R_Mois,1))=0,"",COUNTIFS(EMP_Livre,$E66,EMP_Date,">="&R_Mois,EMP_Date,"<"&EDATE(R_Mois,1))+ROW()/100000))
N67: =IF($E67="","",COUNTIFS(EMP_Livre,$E67,EMP_Retour,"")) | O67: =IF($E67="","",$L67-$N67) | P67: =IF($E67="","",COUNTIF(EMP_Livre,$E67)) | Q67: =IF($E67="","",IF($O67<=0,"Indisponible",IF(AND($O67=1,$L67>1),"Dernier exemplaire","Disponible"))) | S67: =IF($E67="","",$P67+ROW()/100000) | T67: =IF(OR(Q_Rech="",$E67=""),"",IF(ISNUMBER(SEARCH(Q_Rech,$E67&" "&$F67&" "&$G67&" "&$H67&" "&$I67)),COUNT($T$6:$T66)+1,"")) | U67: =IF($E67="","",IF(COUNTIFS(EMP_Livre,$E67,EMP_Date,">="&R_Mois,EMP_Date,"<"&EDATE(R_Mois,1))=0,"",COUNTIFS(EMP_Livre,$E67,EMP_Date,">="&R_Mois,EMP_Date,"<"&EDATE(R_Mois,1))+ROW()/100000))
N68: =IF($E68="","",COUNTIFS(EMP_Livre,$E68,EMP_Retour,"")) | O68: =IF($E68="","",$L68-$N68) | P68: =IF($E68="","",COUNTIF(EMP_Livre,$E68)) | Q68: =IF($E68="","",IF($O68<=0,"Indisponible",IF(AND($O68=1,$L68>1),"Dernier exemplaire","Disponible"))) | S68: =IF($E68="","",$P68+ROW()/100000) | T68: =IF(OR(Q_Rech="",$E68=""),"",IF(ISNUMBER(SEARCH(Q_Rech,$E68&" "&$F68&" "&$G68&" "&$H68&" "&$I68)),COUNT($T$6:$T67)+1,"")) | U68: =IF($E68="","",IF(COUNTIFS(EMP_Livre,$E68,EMP_Date,">="&R_Mois,EMP_Date,"<"&EDATE(R_Mois,1))=0,"",COUNTIFS(EMP_Livre,$E68,EMP_Date,">="&R_Mois,EMP_Date,"<"&EDATE(R_Mois,1))+ROW()/100000))
N69: =IF($E69="","",COUNTIFS(EMP_Livre,$E69,EMP_Retour,"")) | O69: =IF($E69="","",$L69-$N69) | P69: =IF($E69="","",COUNTIF(EMP_Livre,$E69)) | Q69: =IF($E69="","",IF($O69<=0,"Indisponible",IF(AND($O69=1,$L69>1),"Dernier exemplaire","Disponible"))) | S69: =IF($E69="","",$P69+ROW()/100000) | T69: =IF(OR(Q_Rech="",$E69=""),"",IF(ISNUMBER(SEARCH(Q_Rech,$E69&" "&$F69&" "&$G69&" "&$H69&" "&$I69)),COUNT($T$6:$T68)+1,"")) | U69: =IF($E69="","",IF(COUNTIFS(EMP_Livre,$E69,EMP_Date,">="&R_Mois,EMP_Date,"<"&EDATE(R_Mois,1))=0,"",COUNTIFS(EMP_Livre,$E69,EMP_Date,">="&R_Mois,EMP_Date,"<"&EDATE(R_Mois,1))+ROW()/100000))
N70: =IF($E70="","",COUNTIFS(EMP_Livre,$E70,EMP_Retour,"")) | O70: =IF($E70="","",$L70-$N70) | P70: =IF($E70="","",COUNTIF(EMP_Livre,$E70)) | Q70: =IF($E70="","",IF($O70<=0,"Indisponible",IF(AND($O70=1,$L70>1),"Dernier exemplaire","Disponible"))) | S70: =IF($E70="","",$P70+ROW()/100000) | T70: =IF(OR(Q_Rech="",$E70=""),"",IF(ISNUMBER(SEARCH(Q_Rech,$E70&" "&$F70&" "&$G70&" "&$H70&" "&$I70)),COUNT($T$6:$T69)+1,"")) | U70: =IF($E70="","",IF(COUNTIFS(EMP_Livre,$E70,EMP_Date,">="&R_Mois,EMP_Date,"<"&EDATE(R_Mois,1))=0,"",COUNTIFS(EMP_Livre,$E70,EMP_Date,">="&R_Mois,EMP_Date,"<"&EDATE(R_Mois,1))+ROW()/100000))
N71: =IF($E71="","",COUNTIFS(EMP_Livre,$E71,EMP_Retour,"")) | O71: =IF($E71="","",$L71-$N71) | P71: =IF($E71="","",COUNTIF(EMP_Livre,$E71)) | Q71: =IF($E71="","",IF($O71<=0,"Indisponible",IF(AND($O71=1,$L71>1),"Dernier exemplaire","Disponible"))) | S71: =IF($E71="","",$P71+ROW()/100000) | T71: =IF(OR(Q_Rech="",$E71=""),"",IF(ISNUMBER(SEARCH(Q_Rech,$E71&" "&$F71&" "&$G71&" "&$H71&" "&$I71)),COUNT($T$6:$T70)+1,"")) | U71: =IF($E71="","",IF(COUNTIFS(EMP_Livre,$E71,EMP_Date,">="&R_Mois,EMP_Date,"<"&EDATE(R_Mois,1))=0,"",COUNTIFS(EMP_Livre,$E71,EMP_Date,">="&R_Mois,EMP_Date,"<"&EDATE(R_Mois,1))+ROW()/100000))
N72: =IF($E72="","",COUNTIFS(EMP_Livre,$E72,EMP_Retour,"")) | O72: =IF($E72="","",$L72-$N72) | P72: =IF($E72="","",COUNTIF(EMP_Livre,$E72)) | Q72: =IF($E72="","",IF($O72<=0,"Indisponible",IF(AND($O72=1,$L72>1),"Dernier exemplaire","Disponible"))) | S72: =IF($E72="","",$P72+ROW()/100000) | T72: =IF(OR(Q_Rech="",$E72=""),"",IF(ISNUMBER(SEARCH(Q_Rech,$E72&" "&$F72&" "&$G72&" "&$H72&" "&$I72)),COUNT($T$6:$T71)+1,"")) | U72: =IF($E72="","",IF(COUNTIFS(EMP_Livre,$E72,EMP_Date,">="&R_Mois,EMP_Date,"<"&EDATE(R_Mois,1))=0,"",COUNTIFS(EMP_Livre,$E72,EMP_Date,">="&R_Mois,EMP_Date,"<"&EDATE(R_Mois,1))+ROW()/100000))
N73: =IF($E73="","",COUNTIFS(EMP_Livre,$E73,EMP_Retour,"")) | O73: =IF($E73="","",$L73-$N73) | P73: =IF($E73="","",COUNTIF(EMP_Livre,$E73)) | Q73: =IF($E73="","",IF($O73<=0,"Indisponible",IF(AND($O73=1,$L73>1),"Dernier exemplaire","Disponible"))) | S73: =IF($E73="","",$P73+ROW()/100000) | T73: =IF(OR(Q_Rech="",$E73=""),"",IF(ISNUMBER(SEARCH(Q_Rech,$E73&" "&$F73&" "&$G73&" "&$H73&" "&$I73)),COUNT($T$6:$T72)+1,"")) | U73: =IF($E73="","",IF(COUNTIFS(EMP_Livre,$E73,EMP_Date,">="&R_Mois,EMP_Date,"<"&EDATE(R_Mois,1))=0,"",COUNTIFS(EMP_Livre,$E73,EMP_Date,">="&R_Mois,EMP_Date,"<"&EDATE(R_Mois,1))+ROW()/100000))
N74: =IF($E74="","",COUNTIFS(EMP_Livre,$E74,EMP_Retour,"")) | O74: =IF($E74="","",$L74-$N74) | P74: =IF($E74="","",COUNTIF(EMP_Livre,$E74)) | Q74: =IF($E74="","",IF($O74<=0,"Indisponible",IF(AND($O74=1,$L74>1),"Dernier exemplaire","Disponible"))) | S74: =IF($E74="","",$P74+ROW()/100000) | T74: =IF(OR(Q_Rech="",$E74=""),"",IF(ISNUMBER(SEARCH(Q_Rech,$E74&" "&$F74&" "&$G74&" "&$H74&" "&$I74)),COUNT($T$6:$T73)+1,"")) | U74: =IF($E74="","",IF(COUNTIFS(EMP_Livre,$E74,EMP_Date,">="&R_Mois,EMP_Date,"<"&EDATE(R_Mois,1))=0,"",COUNTIFS(EMP_Livre,$E74,EMP_Date,">="&R_Mois,EMP_Date,"<"&EDATE(R_Mois,1))+ROW()/100000))
N75: =IF($E75="","",COUNTIFS(EMP_Livre,$E75,EMP_Retour,"")) | O75: =IF($E75="","",$L75-$N75) | P75: =IF($E75="","",COUNTIF(EMP_Livre,$E75)) | Q75: =IF($E75="","",IF($O75<=0,"Indisponible",IF(AND($O75=1,$L75>1),"Dernier exemplaire","Disponible"))) | S75: =IF($E75="","",$P75+ROW()/100000) | T75: =IF(OR(Q_Rech="",$E75=""),"",IF(ISNUMBER(SEARCH(Q_Rech,$E75&" "&$F75&" "&$G75&" "&$H75&" "&$I75)),COUNT($T$6:$T74)+1,"")) | U75: =IF($E75="","",IF(COUNTIFS(EMP_Livre,$E75,EMP_Date,">="&R_Mois,EMP_Date,"<"&EDATE(R_Mois,1))=0,"",COUNTIFS(EMP_Livre,$E75,EMP_Date,">="&R_Mois,EMP_Date,"<"&EDATE(R_Mois,1))+ROW()/100000))
N76: =IF($E76="","",COUNTIFS(EMP_Livre,$E76,EMP_Retour,"")) | O76: =IF($E76="","",$L76-$N76) | P76: =IF($E76="","",COUNTIF(EMP_Livre,$E76)) | Q76: =IF($E76="","",IF($O76<=0,"Indisponible",IF(AND($O76=1,$L76>1),"Dernier exemplaire","Disponible"))) | S76: =IF($E76="","",$P76+ROW()/100000) | T76: =IF(OR(Q_Rech="",$E76=""),"",IF(ISNUMBER(SEARCH(Q_Rech,$E76&" "&$F76&" "&$G76&" "&$H76&" "&$I76)),COUNT($T$6:$T75)+1,"")) | U76: =IF($E76="","",IF(COUNTIFS(EMP_Livre,$E76,EMP_Date,">="&R_Mois,EMP_Date,"<"&EDATE(R_Mois,1))=0,"",COUNTIFS(EMP_Livre,$E76,EMP_Date,">="&R_Mois,EMP_Date,"<"&EDATE(R_Mois,1))+ROW()/100000))
N77: =IF($E77="","",COUNTIFS(EMP_Livre,$E77,EMP_Retour,"")) | O77: =IF($E77="","",$L77-$N77) | P77: =IF($E77="","",COUNTIF(EMP_Livre,$E77)) | Q77: =IF($E77="","",IF($O77<=0,"Indisponible",IF(AND($O77=1,$L77>1),"Dernier exemplaire","Disponible"))) | S77: =IF($E77="","",$P77+ROW()/100000) | T77: =IF(OR(Q_Rech="",$E77=""),"",IF(ISNUMBER(SEARCH(Q_Rech,$E77&" "&$F77&" "&$G77&" "&$H77&" "&$I77)),COUNT($T$6:$T76)+1,"")) | U77: =IF($E77="","",IF(COUNTIFS(EMP_Livre,$E77,EMP_Date,">="&R_Mois,EMP_Date,"<"&EDATE(R_Mois,1))=0,"",COUNTIFS(EMP_Livre,$E77,EMP_Date,">="&R_Mois,EMP_Date,"<"&EDATE(R_Mois,1))+ROW()/100000))
N78: =IF($E78="","",COUNTIFS(EMP_Livre,$E78,EMP_Retour,"")) | O78: =IF($E78="","",$L78-$N78) | P78: =IF($E78="","",COUNTIF(EMP_Livre,$E78)) | Q78: =IF($E78="","",IF($O78<=0,"Indisponible",IF(AND($O78=1,$L78>1),"Dernier exemplaire","Disponible"))) | S78: =IF($E78="","",$P78+ROW()/100000) | T78: =IF(OR(Q_Rech="",$E78=""),"",IF(ISNUMBER(SEARCH(Q_Rech,$E78&" "&$F78&" "&$G78&" "&$H78&" "&$I78)),COUNT($T$6:$T77)+1,"")) | U78: =IF($E78="","",IF(COUNTIFS(EMP_Livre,$E78,EMP_Date,">="&R_Mois,EMP_Date,"<"&EDATE(R_Mois,1))=0,"",COUNTIFS(EMP_Livre,$E78,EMP_Date,">="&R_Mois,EMP_Date,"<"&EDATE(R_Mois,1))+ROW()/100000))
... N306: =IF($E306="","",COUNTIFS(EMP_Livre,$E306,EMP_Retour,"")) | O306: =IF($E306="","",$L306-$N306) | P306: =IF($E306="","",COUNTIF(EMP_Livre,$E306)) | Q306: =IF($E306="","",IF($O306<=0,"Indisponible",IF(AND($O306=1,$L306>1),"Dernier exemplaire","Disponible"))) | S306: =IF($E306="","",$P306+ROW()/100000) | T306: =IF(OR(Q_Rech="",$E306=""),"",IF(ISNUMBER(SEARCH(Q_Rech,$E306&" "&$F306&" "&$G306&" "&$H306&" "&$I306)),COUNT($T$6:$T305)+1,"")) | U306: =IF($E306="","",IF(COUNTIFS(EMP_Livre,$E306,EMP_Date,">="&R_Mois,EMP_Date,"<"&EDATE(R_Mois,1))=0,"",COUNTIFS(EMP_Livre,$E306,EMP_Date,">="&R_Mois,EMP_Date,"<"&EDATE(R_Mois,1))+ROW()/100000))

Sheet Membres
E2: 👥 Membres | K2: =HYPERLINK("#'Tableau de bord'!A1","⌂ Tableau de bord") | M2: =HYPERLINK("#'Membres'!E"&(7+COUNTIF(MEM_ID,"?*")),"＋ Nouveau membre")
E3: Élèves, enseignants et personnel inscrits à la bibliothèque.
E4: =COUNTIF(MEM_ID,"?*")&" membres" | G4: =COUNTIF(MEM_Type,"Élève")&" élèves" | I4: =COUNTIF(MEM_Type,"Enseignant")&" enseignants" | K4: =COUNTIF(MEM_Statut,"En retard")&" en retard"
E6: ID membre | F6: Nom complet | G6: Type | H6: Classe | I6: Sexe | J6: Date d'inscription | K6: Emprunts en cours | L6: En retard | M6: Amendes dues | N6: Statut
E7: MEM-001 | F7: Naomie Kambale | G7: Élève | H7: 1ère Primaire | I7: F | J7: 45909 | K7: =IF($E7="","",COUNTIFS(EMP_Membre,$E7,EMP_Retour,"")) | L7: =IF($E7="","",COUNTIFS(EMP_Membre,$E7,EMP_Statut,"En retard")) | M7: =IF($E7="","",SUMIFS(EMP_Amende,EMP_Membre,$E7,EMP_Paye,"<>Oui")) | N7: =IF($E7="","",IF($L7>0,"En retard",IF($K7>=P_Max,"Limite atteinte","Actif"))) | P7: =IF(OR(Q_Rech="",$E7=""),"",IF(ISNUMBER(SEARCH(Q_Rech,$E7&" "&$F7&" "&$H7)),COUNT($P$6:$P6)+1,""))
B8: =HYPERLINK("#'Tableau de bord'!A1","▦ Tableau de bord") | E8: MEM-002 | F8: Caleb Byamungu | G8: Élève | H8: 2ème Primaire | I8: M | J8: 45907 | K8: =IF($E8="","",COUNTIFS(EMP_Membre,$E8,EMP_Retour,"")) | L8: =IF($E8="","",COUNTIFS(EMP_Membre,$E8,EMP_Statut,"En retard")) | M8: =IF($E8="","",SUMIFS(EMP_Amende,EMP_Membre,$E8,EMP_Paye,"<>Oui")) | N8: =IF($E8="","",IF($L8>0,"En retard",IF($K8>=P_Max,"Limite atteinte","Actif"))) | P8: =IF(OR(Q_Rech="",$E8=""),"",IF(ISNUMBER(SEARCH(Q_Rech,$E8&" "&$F8&" "&$H8)),COUNT($P$6:$P7)+1,""))
B9: =HYPERLINK("#'Livres'!A1","📚 Livres") | E9: MEM-003 | F9: Chancelle Mirindi | G9: Élève | H9: 3ème Primaire | I9: F | J9: 45918 | K9: =IF($E9="","",COUNTIFS(EMP_Membre,$E9,EMP_Retour,"")) | L9: =IF($E9="","",COUNTIFS(EMP_Membre,$E9,EMP_Statut,"En retard")) | M9: =IF($E9="","",SUMIFS(EMP_Amende,EMP_Membre,$E9,EMP_Paye,"<>Oui")) | N9: =IF($E9="","",IF($L9>0,"En retard",IF($K9>=P_Max,"Limite atteinte","Actif"))) | P9: =IF(OR(Q_Rech="",$E9=""),"",IF(ISNUMBER(SEARCH(Q_Rech,$E9&" "&$F9&" "&$H9)),COUNT($P$6:$P8)+1,""))
B10: =HYPERLINK("#'Membres'!A1","👥 Membres") | E10: MEM-004 | F10: Amani Mirindi | G10: Élève | H10: 4ème Primaire | I10: M | J10: 45905 | K10: =IF($E10="","",COUNTIFS(EMP_Membre,$E10,EMP_Retour,"")) | L10: =IF($E10="","",COUNTIFS(EMP_Membre,$E10,EMP_Statut,"En retard")) | M10: =IF($E10="","",SUMIFS(EMP_Amende,EMP_Membre,$E10,EMP_Paye,"<>Oui")) | N10: =IF($E10="","",IF($L10>0,"En retard",IF($K10>=P_Max,"Limite atteinte","Actif"))) | P10: =IF(OR(Q_Rech="",$E10=""),"",IF(ISNUMBER(SEARCH(Q_Rech,$E10&" "&$F10&" "&$H10)),COUNT($P$6:$P9)+1,""))
B11: =HYPERLINK("#'Emprunts'!A1","🔄 Emprunts") | E11: MEM-005 | F11: Merveille Balume | G11: Élève | H11: 5ème Primaire | I11: F | J11: 45905 | K11: =IF($E11="","",COUNTIFS(EMP_Membre,$E11,EMP_Retour,"")) | L11: =IF($E11="","",COUNTIFS(EMP_Membre,$E11,EMP_Statut,"En retard")) | M11: =IF($E11="","",SUMIFS(EMP_Amende,EMP_Membre,$E11,EMP_Paye,"<>Oui")) | N11: =IF($E11="","",IF($L11>0,"En retard",IF($K11>=P_Max,"Limite atteinte","Actif"))) | P11: =IF(OR(Q_Rech="",$E11=""),"",IF(ISNUMBER(SEARCH(Q_Rech,$E11&" "&$F11&" "&$H11)),COUNT($P$6:$P10)+1,""))
B12: =HYPERLINK("#'Fournitures'!A1","📦 Fournitures") | E12: MEM-006 | F12: Esther Bisimwa | G12: Élève | H12: 6ème Primaire | I12: F | J12: 45910 | K12: =IF($E12="","",COUNTIFS(EMP_Membre,$E12,EMP_Retour,"")) | L12: =IF($E12="","",COUNTIFS(EMP_Membre,$E12,EMP_Statut,"En retard")) | M12: =IF($E12="","",SUMIFS(EMP_Amende,EMP_Membre,$E12,EMP_Paye,"<>Oui")) | N12: =IF($E12="","",IF($L12>0,"En retard",IF($K12>=P_Max,"Limite atteinte","Actif"))) | P12: =IF(OR(Q_Rech="",$E12=""),"",IF(ISNUMBER(SEARCH(Q_Rech,$E12&" "&$F12&" "&$H12)),COUNT($P$6:$P11)+1,""))
B13: =HYPERLINK("#'Mouvements'!A1","↕ Mouvements de stock") | E13: MEM-007 | F13: Ruth Zawadi | G13: Élève | H13: 7ème EB | I13: F | J13: 45912 | K13: =IF($E13="","",COUNTIFS(EMP_Membre,$E13,EMP_Retour,"")) | L13: =IF($E13="","",COUNTIFS(EMP_Membre,$E13,EMP_Statut,"En retard")) | M13: =IF($E13="","",SUMIFS(EMP_Amende,EMP_Membre,$E13,EMP_Paye,"<>Oui")) | N13: =IF($E13="","",IF($L13>0,"En retard",IF($K13>=P_Max,"Limite atteinte","Actif"))) | P13: =IF(OR(Q_Rech="",$E13=""),"",IF(ISNUMBER(SEARCH(Q_Rech,$E13&" "&$F13&" "&$H13)),COUNT($P$6:$P12)+1,""))
B14: =HYPERLINK("#'Recherche'!A1","🔍 Recherche") | E14: MEM-008 | F14: Patrick Balume | G14: Élève | H14: 8ème EB | I14: M | J14: 45918 | K14: =IF($E14="","",COUNTIFS(EMP_Membre,$E14,EMP_Retour,"")) | L14: =IF($E14="","",COUNTIFS(EMP_Membre,$E14,EMP_Statut,"En retard")) | M14: =IF($E14="","",SUMIFS(EMP_Amende,EMP_Membre,$E14,EMP_Paye,"<>Oui")) | N14: =IF($E14="","",IF($L14>0,"En retard",IF($K14>=P_Max,"Limite atteinte","Actif"))) | P14: =IF(OR(Q_Rech="",$E14=""),"",IF(ISNUMBER(SEARCH(Q_Rech,$E14&" "&$F14&" "&$H14)),COUNT($P$6:$P13)+1,""))
B15: =HYPERLINK("#'Rapport mensuel'!A1","🖨 Rapport mensuel") | E15: MEM-009 | F15: Fiston Balume | G15: Élève | H15: 1ère Humanités | I15: M | J15: 45903 | K15: =IF($E15="","",COUNTIFS(EMP_Membre,$E15,EMP_Retour,"")) | L15: =IF($E15="","",COUNTIFS(EMP_Membre,$E15,EMP_Statut,"En retard")) | M15: =IF($E15="","",SUMIFS(EMP_Amende,EMP_Membre,$E15,EMP_Paye,"<>Oui")) | N15: =IF($E15="","",IF($L15>0,"En retard",IF($K15>=P_Max,"Limite atteinte","Actif"))) | P15: =IF(OR(Q_Rech="",$E15=""),"",IF(ISNUMBER(SEARCH(Q_Rech,$E15&" "&$F15&" "&$H15)),COUNT($P$6:$P14)+1,""))
B16: =HYPERLINK("#'Paramètres'!A1","⚙ Paramètres") | E16: MEM-010 | F16: Josué Tshibanda | G16: Élève | H16: 2ème Humanités | I16: M | J16: 45910 | K16: =IF($E16="","",COUNTIFS(EMP_Membre,$E16,EMP_Retour,"")) | L16: =IF($E16="","",COUNTIFS(EMP_Membre,$E16,EMP_Statut,"En retard")) | M16: =IF($E16="","",SUMIFS(EMP_Amende,EMP_Membre,$E16,EMP_Paye,"<>Oui")) | N16: =IF($E16="","",IF($L16>0,"En retard",IF($K16>=P_Max,"Limite atteinte","Actif"))) | P16: =IF(OR(Q_Rech="",$E16=""),"",IF(ISNUMBER(SEARCH(Q_Rech,$E16&" "&$F16&" "&$H16)),COUNT($P$6:$P15)+1,""))
E17: MEM-011 | F17: Neema Mugisho | G17: Élève | H17: 3ème Humanités | I17: F | J17: 45912 | K17: =IF($E17="","",COUNTIFS(EMP_Membre,$E17,EMP_Retour,"")) | L17: =IF($E17="","",COUNTIFS(EMP_Membre,$E17,EMP_Statut,"En retard")) | M17: =IF($E17="","",SUMIFS(EMP_Amende,EMP_Membre,$E17,EMP_Paye,"<>Oui")) | N17: =IF($E17="","",IF($L17>0,"En retard",IF($K17>=P_Max,"Limite atteinte","Actif"))) | P17: =IF(OR(Q_Rech="",$E17=""),"",IF(ISNUMBER(SEARCH(Q_Rech,$E17&" "&$F17&" "&$H17)),COUNT($P$6:$P16)+1,""))
E18: MEM-012 | F18: Sarah Mukendi | G18: Élève | H18: 4ème Humanités | I18: F | J18: 45919 | K18: =IF($E18="","",COUNTIFS(EMP_Membre,$E18,EMP_Retour,"")) | L18: =IF($E18="","",COUNTIFS(EMP_Membre,$E18,EMP_Statut,"En retard")) | M18: =IF($E18="","",SUMIFS(EMP_Amende,EMP_Membre,$E18,EMP_Paye,"<>Oui")) | N18: =IF($E18="","",IF($L18>0,"En retard",IF($K18>=P_Max,"Limite atteinte","Actif"))) | P18: =IF(OR(Q_Rech="",$E18=""),"",IF(ISNUMBER(SEARCH(Q_Rech,$E18&" "&$F18&" "&$H18)),COUNT($P$6:$P17)+1,""))
E19: MEM-013 | F19: Isaac Mugisho | G19: Élève | H19: 1ère Primaire | I19: M | J19: 45905 | K19: =IF($E19="","",COUNTIFS(EMP_Membre,$E19,EMP_Retour,"")) | L19: =IF($E19="","",COUNTIFS(EMP_Membre,$E19,EMP_Statut,"En retard")) | M19: =IF($E19="","",SUMIFS(EMP_Amende,EMP_Membre,$E19,EMP_Paye,"<>Oui")) | N19: =IF($E19="","",IF($L19>0,"En retard",IF($K19>=P_Max,"Limite atteinte","Actif"))) | P19: =IF(OR(Q_Rech="",$E19=""),"",IF(ISNUMBER(SEARCH(Q_Rech,$E19&" "&$F19&" "&$H19)),COUNT($P$6:$P18)+1,""))
E20: MEM-014 | F20: Grâce Bisimwa | G20: Élève | H20: 2ème Primaire | I20: F | J20: 45919 | K20: =IF($E20="","",COUNTIFS(EMP_Membre,$E20,EMP_Retour,"")) | L20: =IF($E20="","",COUNTIFS(EMP_Membre,$E20,EMP_Statut,"En retard")) | M20: =IF($E20="","",SUMIFS(EMP_Amende,EMP_Membre,$E20,EMP_Paye,"<>Oui")) | N20: =IF($E20="","",IF($L20>0,"En retard",IF($K20>=P_Max,"Limite atteinte","Actif"))) | P20: =IF(OR(Q_Rech="",$E20=""),"",IF(ISNUMBER(SEARCH(Q_Rech,$E20&" "&$F20&" "&$H20)),COUNT($P$6:$P19)+1,""))
E21: MEM-015 | F21: Neema Safari | G21: Élève | H21: 3ème Primaire | I21: F | J21: 45920 | K21: =IF($E21="","",COUNTIFS(EMP_Membre,$E21,EMP_Retour,"")) | L21: =IF($E21="","",COUNTIFS(EMP_Membre,$E21,EMP_Statut,"En retard")) | M21: =IF($E21="","",SUMIFS(EMP_Amende,EMP_Membre,$E21,EMP_Paye,"<>Oui")) | N21: =IF($E21="","",IF($L21>0,"En retard",IF($K21>=P_Max,"Limite atteinte","Actif"))) | P21: =IF(OR(Q_Rech="",$E21=""),"",IF(ISNUMBER(SEARCH(Q_Rech,$E21&" "&$F21&" "&$H21)),COUNT($P$6:$P20)+1,""))
E22: MEM-016 | F22: Daniel Tshibanda | G22: Élève | H22: 4ème Primaire | I22: M | J22: 45906 | K22: =IF($E22="","",COUNTIFS(EMP_Membre,$E22,EMP_Retour,"")) | L22: =IF($E22="","",COUNTIFS(EMP_Membre,$E22,EMP_Statut,"En retard")) | M22: =IF($E22="","",SUMIFS(EMP_Amende,EMP_Membre,$E22,EMP_Paye,"<>Oui")) | N22: =IF($E22="","",IF($L22>0,"En retard",IF($K22>=P_Max,"Limite atteinte","Actif"))) | P22: =IF(OR(Q_Rech="",$E22=""),"",IF(ISNUMBER(SEARCH(Q_Rech,$E22&" "&$F22&" "&$H22)),COUNT($P$6:$P21)+1,""))
E23: MEM-017 | F23: Neema Mirindi | G23: Élève | H23: 5ème Primaire | I23: F | J23: 45913 | K23: =IF($E23="","",COUNTIFS(EMP_Membre,$E23,EMP_Retour,"")) | L23: =IF($E23="","",COUNTIFS(EMP_Membre,$E23,EMP_Statut,"En retard")) | M23: =IF($E23="","",SUMIFS(EMP_Amende,EMP_Membre,$E23,EMP_Paye,"<>Oui")) | N23: =IF($E23="","",IF($L23>0,"En retard",IF($K23>=P_Max,"Limite atteinte","Actif"))) | P23: =IF(OR(Q_Rech="",$E23=""),"",IF(ISNUMBER(SEARCH(Q_Rech,$E23&" "&$F23&" "&$H23)),COUNT($P$6:$P22)+1,""))
E24: MEM-018 | F24: Neema Wabo | G24: Élève | H24: 6ème Primaire | I24: F | J24: 45908 | K24: =IF($E24="","",COUNTIFS(EMP_Membre,$E24,EMP_Retour,"")) | L24: =IF($E24="","",COUNTIFS(EMP_Membre,$E24,EMP_Statut,"En retard")) | M24: =IF($E24="","",SUMIFS(EMP_Amende,EMP_Membre,$E24,EMP_Paye,"<>Oui")) | N24: =IF($E24="","",IF($L24>0,"En retard",IF($K24>=P_Max,"Limite atteinte","Actif"))) | P24: =IF(OR(Q_Rech="",$E24=""),"",IF(ISNUMBER(SEARCH(Q_Rech,$E24&" "&$F24&" "&$H24)),COUNT($P$6:$P23)+1,""))
E25: MEM-019 | F25: David Paluku | G25: Élève | H25: 7ème EB | I25: M | J25: 45913 | K25: =IF($E25="","",COUNTIFS(EMP_Membre,$E25,EMP_Retour,"")) | L25: =IF($E25="","",COUNTIFS(EMP_Membre,$E25,EMP_Statut,"En retard")) | M25: =IF($E25="","",SUMIFS(EMP_Amende,EMP_Membre,$E25,EMP_Paye,"<>Oui")) | N25: =IF($E25="","",IF($L25>0,"En retard",IF($K25>=P_Max,"Limite atteinte","Actif"))) | P25: =IF(OR(Q_Rech="",$E25=""),"",IF(ISNUMBER(SEARCH(Q_Rech,$E25&" "&$F25&" "&$H25)),COUNT($P$6:$P24)+1,""))
E26: MEM-020 | F26: Ornella Bisimwa | G26: Élève | H26: 8ème EB | I26: F | J26: 45909 | K26: =IF($E26="","",COUNTIFS(EMP_Membre,$E26,EMP_Retour,"")) | L26: =IF($E26="","",COUNTIFS(EMP_Membre,$E26,EMP_Statut,"En retard")) | M26: =IF($E26="","",SUMIFS(EMP_Amende,EMP_Membre,$E26,EMP_Paye,"<>Oui")) | N26: =IF($E26="","",IF($L26>0,"En retard",IF($K26>=P_Max,"Limite atteinte","Actif"))) | P26: =IF(OR(Q_Rech="",$E26=""),"",IF(ISNUMBER(SEARCH(Q_Rech,$E26&" "&$F26&" "&$H26)),COUNT($P$6:$P25)+1,""))
E27: MEM-021 | F27: Sarah Baraka | G27: Élève | H27: 1ère Humanités | I27: F | J27: 45915 | K27: =IF($E27="","",COUNTIFS(EMP_Membre,$E27,EMP_Retour,"")) | L27: =IF($E27="","",COUNTIFS(EMP_Membre,$E27,EMP_Statut,"En retard")) | M27: =IF($E27="","",SUMIFS(EMP_Amende,EMP_Membre,$E27,EMP_Paye,"<>Oui")) | N27: =IF($E27="","",IF($L27>0,"En retard",IF($K27>=P_Max,"Limite atteinte","Actif"))) | P27: =IF(OR(Q_Rech="",$E27=""),"",IF(ISNUMBER(SEARCH(Q_Rech,$E27&" "&$F27&" "&$H27)),COUNT($P$6:$P26)+1,""))
E28: MEM-022 | F28: Bahati Baraka | G28: Élève | H28: 2ème Humanités | I28: M | J28: 45912 | K28: =IF($E28="","",COUNTIFS(EMP_Membre,$E28,EMP_Retour,"")) | L28: =IF($E28="","",COUNTIFS(EMP_Membre,$E28,EMP_Statut,"En retard")) | M28: =IF($E28="","",SUMIFS(EMP_Amende,EMP_Membre,$E28,EMP_Paye,"<>Oui")) | N28: =IF($E28="","",IF($L28>0,"En retard",IF($K28>=P_Max,"Limite atteinte","Actif"))) | P28: =IF(OR(Q_Rech="",$E28=""),"",IF(ISNUMBER(SEARCH(Q_Rech,$E28&" "&$F28&" "&$H28)),COUNT($P$6:$P27)+1,""))
... E46: MEM-040 | F46: Ornella Kalume | G46: Personnel | H46: Personnel | I46: F | J46: 46302 | K46: =IF($E46="","",COUNTIFS(EMP_Membre,$E46,EMP_Retour,"")) | L46: =IF($E46="","",COUNTIFS(EMP_Membre,$E46,EMP_Statut,"En retard")) | M46: =IF($E46="","",SUMIFS(EMP_Amende,EMP_Membre,$E46,EMP_Paye,"<>Oui")) | N46: =IF($E46="","",IF($L46>0,"En retard",IF($K46>=P_Max,"Limite atteinte","Actif"))) | P46: =IF(OR(Q_Rech="",$E46=""),"",IF(ISNUMBER(SEARCH(Q_Rech,$E46&" "&$F46&" "&$H46)),COUNT($P$6:$P45)+1,""))
K47: =IF($E47="","",COUNTIFS(EMP_Membre,$E47,EMP_Retour,"")) | L47: =IF($E47="","",COUNTIFS(EMP_Membre,$E47,EMP_Statut,"En retard")) | M47: =IF($E47="","",SUMIFS(EMP_Amende,EMP_Membre,$E47,EMP_Paye,"<>Oui")) | N47: =IF($E47="","",IF($L47>0,"En retard",IF($K47>=P_Max,"Limite atteinte","Actif"))) | P47: =IF(OR(Q_Rech="",$E47=""),"",IF(ISNUMBER(SEARCH(Q_Rech,$E47&" "&$F47&" "&$H47)),COUNT($P$6:$P46)+1,""))
K48: =IF($E48="","",COUNTIFS(EMP_Membre,$E48,EMP_Retour,"")) | L48: =IF($E48="","",COUNTIFS(EMP_Membre,$E48,EMP_Statut,"En retard")) | M48: =IF($E48="","",SUMIFS(EMP_Amende,EMP_Membre,$E48,EMP_Paye,"<>Oui")) | N48: =IF($E48="","",IF($L48>0,"En retard",IF($K48>=P_Max,"Limite atteinte","Actif"))) | P48: =IF(OR(Q_Rech="",$E48=""),"",IF(ISNUMBER(SEARCH(Q_Rech,$E48&" "&$F48&" "&$H48)),COUNT($P$6:$P47)+1,""))
K49: =IF($E49="","",COUNTIFS(EMP_Membre,$E49,EMP_Retour,"")) | L49: =IF($E49="","",COUNTIFS(EMP_Membre,$E49,EMP_Statut,"En retard")) | M49: =IF($E49="","",SUMIFS(EMP_Amende,EMP_Membre,$E49,EMP_Paye,"<>Oui")) | N49: =IF($E49="","",IF($L49>0,"En retard",IF($K49>=P_Max,"Limite atteinte","Actif"))) | P49: =IF(OR(Q_Rech="",$E49=""),"",IF(ISNUMBER(SEARCH(Q_Rech,$E49&" "&$F49&" "&$H49)),COUNT($P$6:$P48)+1,""))
K50: =IF($E50="","",COUNTIFS(EMP_Membre,$E50,EMP_Retour,"")) | L50: =IF($E50="","",COUNTIFS(EMP_Membre,$E50,EMP_Statut,"En retard")) | M50: =IF($E50="","",SUMIFS(EMP_Amende,EMP_Membre,$E50,EMP_Paye,"<>Oui")) | N50: =IF($E50="","",IF($L50>0,"En retard",IF($K50>=P_Max,"Limite atteinte","Actif"))) | P50: =IF(OR(Q_Rech="",$E50=""),"",IF(ISNUMBER(SEARCH(Q_Rech,$E50&" "&$F50&" "&$H50)),COUNT($P$6:$P49)+1,""))
K51: =IF($E51="","",COUNTIFS(EMP_Membre,$E51,EMP_Retour,"")) | L51: =IF($E51="","",COUNTIFS(EMP_Membre,$E51,EMP_Statut,"En retard")) | M51: =IF($E51="","",SUMIFS(EMP_Amende,EMP_Membre,$E51,EMP_Paye,"<>Oui")) | N51: =IF($E51="","",IF($L51>0,"En retard",IF($K51>=P_Max,"Limite atteinte","Actif"))) | P51: =IF(OR(Q_Rech="",$E51=""),"",IF(ISNUMBER(SEARCH(Q_Rech,$E51&" "&$F51&" "&$H51)),COUNT($P$6:$P50)+1,""))
K52: =IF($E52="","",COUNTIFS(EMP_Membre,$E52,EMP_Retour,"")) | L52: =IF($E52="","",COUNTIFS(EMP_Membre,$E52,EMP_Statut,"En retard")) | M52: =IF($E52="","",SUMIFS(EMP_Amende,EMP_Membre,$E52,EMP_Paye,"<>Oui")) | N52: =IF($E52="","",IF($L52>0,"En retard",IF($K52>=P_Max,"Limite atteinte","Actif"))) | P52: =IF(OR(Q_Rech="",$E52=""),"",IF(ISNUMBER(SEARCH(Q_Rech,$E52&" "&$F52&" "&$H52)),COUNT($P$6:$P51)+1,""))
K53: =IF($E53="","",COUNTIFS(EMP_Membre,$E53,EMP_Retour,"")) | L53: =IF($E53="","",COUNTIFS(EMP_Membre,$E53,EMP_Statut,"En retard")) | M53: =IF($E53="","",SUMIFS(EMP_Amende,EMP_Membre,$E53,EMP_Paye,"<>Oui")) | N53: =IF($E53="","",IF($L53>0,"En retard",IF($K53>=P_Max,"Limite atteinte","Actif"))) | P53: =IF(OR(Q_Rech="",$E53=""),"",IF(ISNUMBER(SEARCH(Q_Rech,$E53&" "&$F53&" "&$H53)),COUNT($P$6:$P52)+1,""))
K54: =IF($E54="","",COUNTIFS(EMP_Membre,$E54,EMP_Retour,"")) | L54: =IF($E54="","",COUNTIFS(EMP_Membre,$E54,EMP_Statut,"En retard")) | M54: =IF($E54="","",SUMIFS(EMP_Amende,EMP_Membre,$E54,EMP_Paye,"<>Oui")) | N54: =IF($E54="","",IF($L54>0,"En retard",IF($K54>=P_Max,"Limite atteinte","Actif"))) | P54: =IF(OR(Q_Rech="",$E54=""),"",IF(ISNUMBER(SEARCH(Q_Rech,$E54&" "&$F54&" "&$H54)),COUNT($P$6:$P53)+1,""))
K55: =IF($E55="","",COUNTIFS(EMP_Membre,$E55,EMP_Retour,"")) | L55: =IF($E55="","",COUNTIFS(EMP_Membre,$E55,EMP_Statut,"En retard")) | M55: =IF($E55="","",SUMIFS(EMP_Amende,EMP_Membre,$E55,EMP_Paye,"<>Oui")) | N55: =IF($E55="","",IF($L55>0,"En retard",IF($K55>=P_Max,"Limite atteinte","Actif"))) | P55: =IF(OR(Q_Rech="",$E55=""),"",IF(ISNUMBER(SEARCH(Q_Rech,$E55&" "&$F55&" "&$H55)),COUNT($P$6:$P54)+1,""))
K56: =IF($E56="","",COUNTIFS(EMP_Membre,$E56,EMP_Retour,"")) | L56: =IF($E56="","",COUNTIFS(EMP_Membre,$E56,EMP_Statut,"En retard")) | M56: =IF($E56="","",SUMIFS(EMP_Amende,EMP_Membre,$E56,EMP_Paye,"<>Oui")) | N56: =IF($E56="","",IF($L56>0,"En retard",IF($K56>=P_Max,"Limite atteinte","Actif"))) | P56: =IF(OR(Q_Rech="",$E56=""),"",IF(ISNUMBER(SEARCH(Q_Rech,$E56&" "&$F56&" "&$H56)),COUNT($P$6:$P55)+1,""))
K57: =IF($E57="","",COUNTIFS(EMP_Membre,$E57,EMP_Retour,"")) | L57: =IF($E57="","",COUNTIFS(EMP_Membre,$E57,EMP_Statut,"En retard")) | M57: =IF($E57="","",SUMIFS(EMP_Amende,EMP_Membre,$E57,EMP_Paye,"<>Oui")) | N57: =IF($E57="","",IF($L57>0,"En retard",IF($K57>=P_Max,"Limite atteinte","Actif"))) | P57: =IF(OR(Q_Rech="",$E57=""),"",IF(ISNUMBER(SEARCH(Q_Rech,$E57&" "&$F57&" "&$H57)),COUNT($P$6:$P56)+1,""))
K58: =IF($E58="","",COUNTIFS(EMP_Membre,$E58,EMP_Retour,"")) | L58: =IF($E58="","",COUNTIFS(EMP_Membre,$E58,EMP_Statut,"En retard")) | M58: =IF($E58="","",SUMIFS(EMP_Amende,EMP_Membre,$E58,EMP_Paye,"<>Oui")) | N58: =IF($E58="","",IF($L58>0,"En retard",IF($K58>=P_Max,"Limite atteinte","Actif"))) | P58: =IF(OR(Q_Rech="",$E58=""),"",IF(ISNUMBER(SEARCH(Q_Rech,$E58&" "&$F58&" "&$H58)),COUNT($P$6:$P57)+1,""))
... K306: =IF($E306="","",COUNTIFS(EMP_Membre,$E306,EMP_Retour,"")) | L306: =IF($E306="","",COUNTIFS(EMP_Membre,$E306,EMP_Statut,"En retard")) | M306: =IF($E306="","",SUMIFS(EMP_Amende,EMP_Membre,$E306,EMP_Paye,"<>Oui")) | N306: =IF($E306="","",IF($L306>0,"En retard",IF($K306>=P_Max,"Limite atteinte","Actif"))) | P306: =IF(OR(Q_Rech="",$E306=""),"",IF(ISNUMBER(SEARCH(Q_Rech,$E306&" "&$F306&" "&$H306)),COUNT($P$6:$P305)+1,""))

Sheet Emprunts
E2: 🔄 Emprunts & retours | M2: =HYPERLINK("#'Tableau de bord'!A1","⌂ Tableau de bord") | O2: =HYPERLINK("#'Emprunts'!F"&(7+COUNTIF(EMP_Date,"?*")),"＋ Nouvel emprunt")
E3: Nouvel emprunt : date, ID membre, code livre. Retour : saisissez simplement la date de retour.
E4: =COUNTIFS(EMP_Livre,"?*",EMP_Retour,"")&" en cours" | G4: =COUNTIF(EMP_Statut,"En retard")&" en retard" | I4: =COUNTIF(EMP_Statut,"Rendu*")&" rendus" | K4: =FIXED(SUMIFS(EMP_Amende,EMP_Paye,"<>Oui"),0)&" FC dus"
E6: N° | F6: Date d'emprunt | G6: ID membre | H6: Nom du membre | I6: Code livre | J6: Titre du livre | K6: Retour prévu | L6: Date de retour | M6: Statut | N6: Jours de retard | O6: Amende | P6: Amende payée
E7: =IF($F7="","","EMP-"&TEXT(ROW()-6,"0000")) | F7: 45943 | G7: MEM-009 | H7: =IF($G7="","",IFERROR(INDEX(MEM_Nom,MATCH($G7,MEM_ID,0)),"⚠ ID inconnu")) | I7: LIV-011 | J7: =IF($I7="","",IFERROR(INDEX(LIV_Titre,MATCH($I7,LIV_Code,0)),"⚠ Code inconnu")) | K7: =IF($F7="","",$F7+P_Duree) | L7: 45952 | M7: =IF(OR($F7="",$I7=""),"",IF($L7<>"",IF($L7>$K7,"Rendu en retard","Rendu"),IF(TODAY()>$K7,"En retard","En cours"))) | N7: =IF(OR($F7="",$I7=""),"",MAX(0,IF($L7<>"",$L7,TODAY())-$K7)) | O7: =IF(OR($F7="",$I7=""),"",$N7*P_Amende) | R7: =IF($M7="En retard",$N7+ROW()/100000,"") | S7: =IF(OR($F7="",$I7=""),"",$F7+ROW()/100000) | T7: =IF($I7="","",IFERROR(INDEX(LIV_Cat,MATCH($I7,LIV_Code,0)),""))
B8: =HYPERLINK("#'Tableau de bord'!A1","▦ Tableau de bord") | E8: =IF($F8="","","EMP-"&TEXT(ROW()-6,"0000")) | F8: 45943 | G8: MEM-025 | H8: =IF($G8="","",IFERROR(INDEX(MEM_Nom,MATCH($G8,MEM_ID,0)),"⚠ ID inconnu")) | I8: LIV-020 | J8: =IF($I8="","",IFERROR(INDEX(LIV_Titre,MATCH($I8,LIV_Code,0)),"⚠ Code inconnu")) | K8: =IF($F8="","",$F8+P_Duree) | L8: 45962 | M8: =IF(OR($F8="",$I8=""),"",IF($L8<>"",IF($L8>$K8,"Rendu en retard","Rendu"),IF(TODAY()>$K8,"En retard","En cours"))) | N8: =IF(OR($F8="",$I8=""),"",MAX(0,IF($L8<>"",$L8,TODAY())-$K8)) | O8: =IF(OR($F8="",$I8=""),"",$N8*P_Amende) | P8: Oui | R8: =IF($M8="En retard",$N8+ROW()/100000,"") | S8: =IF(OR($F8="",$I8=""),"",$F8+ROW()/100000) | T8: =IF($I8="","",IFERROR(INDEX(LIV_Cat,MATCH($I8,LIV_Code,0)),""))
B9: =HYPERLINK("#'Livres'!A1","📚 Livres") | E9: =IF($F9="","","EMP-"&TEXT(ROW()-6,"0000")) | F9: 45944 | G9: MEM-040 | H9: =IF($G9="","",IFERROR(INDEX(MEM_Nom,MATCH($G9,MEM_ID,0)),"⚠ ID inconnu")) | I9: LIV-054 | J9: =IF($I9="","",IFERROR(INDEX(LIV_Titre,MATCH($I9,LIV_Code,0)),"⚠ Code inconnu")) | K9: =IF($F9="","",$F9+P_Duree) | L9: 45960 | M9: =IF(OR($F9="",$I9=""),"",IF($L9<>"",IF($L9>$K9,"Rendu en retard","Rendu"),IF(TODAY()>$K9,"En retard","En cours"))) | N9: =IF(OR($F9="",$I9=""),"",MAX(0,IF($L9<>"",$L9,TODAY())-$K9)) | O9: =IF(OR($F9="",$I9=""),"",$N9*P_Amende) | P9: Oui | R9: =IF($M9="En retard",$N9+ROW()/100000,"") | S9: =IF(OR($F9="",$I9=""),"",$F9+ROW()/100000) | T9: =IF($I9="","",IFERROR(INDEX(LIV_Cat,MATCH($I9,LIV_Code,0)),""))
B10: =HYPERLINK("#'Membres'!A1","👥 Membres") | E10: =IF($F10="","","EMP-"&TEXT(ROW()-6,"0000")) | F10: 45944 | G10: MEM-036 | H10: =IF($G10="","",IFERROR(INDEX(MEM_Nom,MATCH($G10,MEM_ID,0)),"⚠ ID inconnu")) | I10: LIV-012 | J10: =IF($I10="","",IFERROR(INDEX(LIV_Titre,MATCH($I10,LIV_Code,0)),"⚠ Code inconnu")) | K10: =IF($F10="","",$F10+P_Duree) | L10: 45948 | M10: =IF(OR($F10="",$I10=""),"",IF($L10<>"",IF($L10>$K10,"Rendu en retard","Rendu"),IF(TODAY()>$K10,"En retard","En cours"))) | N10: =IF(OR($F10="",$I10=""),"",MAX(0,IF($L10<>"",$L10,TODAY())-$K10)) | O10: =IF(OR($F10="",$I10=""),"",$N10*P_Amende) | R10: =IF($M10="En retard",$N10+ROW()/100000,"") | S10: =IF(OR($F10="",$I10=""),"",$F10+ROW()/100000) | T10: =IF($I10="","",IFERROR(INDEX(LIV_Cat,MATCH($I10,LIV_Code,0)),""))
B11: =HYPERLINK("#'Emprunts'!A1","🔄 Emprunts") | E11: =IF($F11="","","EMP-"&TEXT(ROW()-6,"0000")) | F11: 45950 | G11: MEM-039 | H11: =IF($G11="","",IFERROR(INDEX(MEM_Nom,MATCH($G11,MEM_ID,0)),"⚠ ID inconnu")) | I11: LIV-045 | J11: =IF($I11="","",IFERROR(INDEX(LIV_Titre,MATCH($I11,LIV_Code,0)),"⚠ Code inconnu")) | K11: =IF($F11="","",$F11+P_Duree) | L11: 45969 | M11: =IF(OR($F11="",$I11=""),"",IF($L11<>"",IF($L11>$K11,"Rendu en retard","Rendu"),IF(TODAY()>$K11,"En retard","En cours"))) | N11: =IF(OR($F11="",$I11=""),"",MAX(0,IF($L11<>"",$L11,TODAY())-$K11)) | O11: =IF(OR($F11="",$I11=""),"",$N11*P_Amende) | P11: Non | R11: =IF($M11="En retard",$N11+ROW()/100000,"") | S11: =IF(OR($F11="",$I11=""),"",$F11+ROW()/100000) | T11: =IF($I11="","",IFERROR(INDEX(LIV_Cat,MATCH($I11,LIV_Code,0)),""))
B12: =HYPERLINK("#'Fournitures'!A1","📦 Fournitures") | E12: =IF($F12="","","EMP-"&TEXT(ROW()-6,"0000")) | F12: 45952 | G12: MEM-014 | H12: =IF($G12="","",IFERROR(INDEX(MEM_Nom,MATCH($G12,MEM_ID,0)),"⚠ ID inconnu")) | I12: LIV-022 | J12: =IF($I12="","",IFERROR(INDEX(LIV_Titre,MATCH($I12,LIV_Code,0)),"⚠ Code inconnu")) | K12: =IF($F12="","",$F12+P_Duree) | L12: 45966 | M12: =IF(OR($F12="",$I12=""),"",IF($L12<>"",IF($L12>$K12,"Rendu en retard","Rendu"),IF(TODAY()>$K12,"En retard","En cours"))) | N12: =IF(OR($F12="",$I12=""),"",MAX(0,IF($L12<>"",$L12,TODAY())-$K12)) | O12: =IF(OR($F12="",$I12=""),"",$N12*P_Amende) | R12: =IF($M12="En retard",$N12+ROW()/100000,"") | S12: =IF(OR($F12="",$I12=""),"",$F12+ROW()/100000) | T12: =IF($I12="","",IFERROR(INDEX(LIV_Cat,MATCH($I12,LIV_Code,0)),""))
B13: =HYPERLINK("#'Mouvements'!A1","↕ Mouvements de stock") | E13: =IF($F13="","","EMP-"&TEXT(ROW()-6,"0000")) | F13: 45953 | G13: MEM-011 | H13: =IF($G13="","",IFERROR(INDEX(MEM_Nom,MATCH($G13,MEM_ID,0)),"⚠ ID inconnu")) | I13: LIV-045 | J13: =IF($I13="","",IFERROR(INDEX(LIV_Titre,MATCH($I13,LIV_Code,0)),"⚠ Code inconnu")) | K13: =IF($F13="","",$F13+P_Duree) | L13: 45972 | M13: =IF(OR($F13="",$I13=""),"",IF($L13<>"",IF($L13>$K13,"Rendu en retard","Rendu"),IF(TODAY()>$K13,"En retard","En cours"))) | N13: =IF(OR($F13="",$I13=""),"",MAX(0,IF($L13<>"",$L13,TODAY())-$K13)) | O13: =IF(OR($F13="",$I13=""),"",$N13*P_Amende) | P13: Non | R13: =IF($M13="En retard",$N13+ROW()/100000,"") | S13: =IF(OR($F13="",$I13=""),"",$F13+ROW()/100000) | T13: =IF($I13="","",IFERROR(INDEX(LIV_Cat,MATCH($I13,LIV_Code,0)),""))
B14: =HYPERLINK("#'Recherche'!A1","🔍 Recherche") | E14: =IF($F14="","","EMP-"&TEXT(ROW()-6,"0000")) | F14: 45958 | G14: MEM-040 | H14: =IF($G14="","",IFERROR(INDEX(MEM_Nom,MATCH($G14,MEM_ID,0)),"⚠ ID inconnu")) | I14: LIV-035 | J14: =IF($I14="","",IFERROR(INDEX(LIV_Titre,MATCH($I14,LIV_Code,0)),"⚠ Code inconnu")) | K14: =IF($F14="","",$F14+P_Duree) | L14: 45970 | M14: =IF(OR($F14="",$I14=""),"",IF($L14<>"",IF($L14>$K14,"Rendu en retard","Rendu"),IF(TODAY()>$K14,"En retard","En cours"))) | N14: =IF(OR($F14="",$I14=""),"",MAX(0,IF($L14<>"",$L14,TODAY())-$K14)) | O14: =IF(OR($F14="",$I14=""),"",$N14*P_Amende) | R14: =IF($M14="En retard",$N14+ROW()/100000,"") | S14: =IF(OR($F14="",$I14=""),"",$F14+ROW()/100000) | T14: =IF($I14="","",IFERROR(INDEX(LIV_Cat,MATCH($I14,LIV_Code,0)),""))
B15: =HYPERLINK("#'Rapport mensuel'!A1","🖨 Rapport mensuel") | E15: =IF($F15="","","EMP-"&TEXT(ROW()-6,"0000")) | F15: 45961 | G15: MEM-013 | H15: =IF($G15="","",IFERROR(INDEX(MEM_Nom,MATCH($G15,MEM_ID,0)),"⚠ ID inconnu")) | I15: LIV-013 | J15: =IF($I15="","",IFERROR(INDEX(LIV_Titre,MATCH($I15,LIV_Code,0)),"⚠ Code inconnu")) | K15: =IF($F15="","",$F15+P_Duree) | L15: 45968 | M15: =IF(OR($F15="",$I15=""),"",IF($L15<>"",IF($L15>$K15,"Rendu en retard","Rendu"),IF(TODAY()>$K15,"En retard","En cours"))) | N15: =IF(OR($F15="",$I15=""),"",MAX(0,IF($L15<>"",$L15,TODAY())-$K15)) | O15: =IF(OR($F15="",$I15=""),"",$N15*P_Amende) | R15: =IF($M15="En retard",$N15+ROW()/100000,"") | S15: =IF(OR($F15="",$I15=""),"",$F15+ROW()/100000) | T15: =IF($I15="","",IFERROR(INDEX(LIV_Cat,MATCH($I15,LIV_Code,0)),""))
B16: =HYPERLINK("#'Paramètres'!A1","⚙ Paramètres") | E16: =IF($F16="","","EMP-"&TEXT(ROW()-6,"0000")) | F16: 45961 | G16: MEM-016 | H16: =IF($G16="","",IFERROR(INDEX(MEM_Nom,MATCH($G16,MEM_ID,0)),"⚠ ID inconnu")) | I16: LIV-001 | J16: =IF($I16="","",IFERROR(INDEX(LIV_Titre,MATCH($I16,LIV_Code,0)),"⚠ Code inconnu")) | K16: =IF($F16="","",$F16+P_Duree) | L16: 45975 | M16: =IF(OR($F16="",$I16=""),"",IF($L16<>"",IF($L16>$K16,"Rendu en retard","Rendu"),IF(TODAY()>$K16,"En retard","En cours"))) | N16: =IF(OR($F16="",$I16=""),"",MAX(0,IF($L16<>"",$L16,TODAY())-$K16)) | O16: =IF(OR($F16="",$I16=""),"",$N16*P_Amende) | R16: =IF($M16="En retard",$N16+ROW()/100000,"") | S16: =IF(OR($F16="",$I16=""),"",$F16+ROW()/100000) | T16: =IF($I16="","",IFERROR(INDEX(LIV_Cat,MATCH($I16,LIV_Code,0)),""))
E17: =IF($F17="","","EMP-"&TEXT(ROW()-6,"0000")) | F17: 45964 | G17: MEM-005 | H17: =IF($G17="","",IFERROR(INDEX(MEM_Nom,MATCH($G17,MEM_ID,0)),"⚠ ID inconnu")) | I17: LIV-049 | J17: =IF($I17="","",IFERROR(INDEX(LIV_Titre,MATCH($I17,LIV_Code,0)),"⚠ Code inconnu")) | K17: =IF($F17="","",$F17+P_Duree) | L17: 45978 | M17: =IF(OR($F17="",$I17=""),"",IF($L17<>"",IF($L17>$K17,"Rendu en retard","Rendu"),IF(TODAY()>$K17,"En retard","En cours"))) | N17: =IF(OR($F17="",$I17=""),"",MAX(0,IF($L17<>"",$L17,TODAY())-$K17)) | O17: =IF(OR($F17="",$I17=""),"",$N17*P_Amende) | R17: =IF($M17="En retard",$N17+ROW()/100000,"") | S17: =IF(OR($F17="",$I17=""),"",$F17+ROW()/100000) | T17: =IF($I17="","",IFERROR(INDEX(LIV_Cat,MATCH($I17,LIV_Code,0)),""))
E18: =IF($F18="","","EMP-"&TEXT(ROW()-6,"0000")) | F18: 45965 | G18: MEM-037 | H18: =IF($G18="","",IFERROR(INDEX(MEM_Nom,MATCH($G18,MEM_ID,0)),"⚠ ID inconnu")) | I18: LIV-053 | J18: =IF($I18="","",IFERROR(INDEX(LIV_Titre,MATCH($I18,LIV_Code,0)),"⚠ Code inconnu")) | K18: =IF($F18="","",$F18+P_Duree) | L18: 45974 | M18: =IF(OR($F18="",$I18=""),"",IF($L18<>"",IF($L18>$K18,"Rendu en retard","Rendu"),IF(TODAY()>$K18,"En retard","En cours"))) | N18: =IF(OR($F18="",$I18=""),"",MAX(0,IF($L18<>"",$L18,TODAY())-$K18)) | O18: =IF(OR($F18="",$I18=""),"",$N18*P_Amende) | R18: =IF($M18="En retard",$N18+ROW()/100000,"") | S18: =IF(OR($F18="",$I18=""),"",$F18+ROW()/100000) | T18: =IF($I18="","",IFERROR(INDEX(LIV_Cat,MATCH($I18,LIV_Code,0)),""))
E19: =IF($F19="","","EMP-"&TEXT(ROW()-6,"0000")) | F19: 45966 | G19: MEM-032 | H19: =IF($G19="","",IFERROR(INDEX(MEM_Nom,MATCH($G19,MEM_ID,0)),"⚠ ID inconnu")) | I19: LIV-037 | J19: =IF($I19="","",IFERROR(INDEX(LIV_Titre,MATCH($I19,LIV_Code,0)),"⚠ Code inconnu")) | K19: =IF($F19="","",$F19+P_Duree) | L19: 45979 | M19: =IF(OR($F19="",$I19=""),"",IF($L19<>"",IF($L19>$K19,"Rendu en retard","Rendu"),IF(TODAY()>$K19,"En retard","En cours"))) | N19: =IF(OR($F19="",$I19=""),"",MAX(0,IF($L19<>"",$L19,TODAY())-$K19)) | O19: =IF(OR($F19="",$I19=""),"",$N19*P_Amende) | R19: =IF($M19="En retard",$N19+ROW()/100000,"") | S19: =IF(OR($F19="",$I19=""),"",$F19+ROW()/100000) | T19: =IF($I19="","",IFERROR(INDEX(LIV_Cat,MATCH($I19,LIV_Code,0)),""))
E20: =IF($F20="","","EMP-"&TEXT(ROW()-6,"0000")) | F20: 45966 | G20: MEM-001 | H20: =IF($G20="","",IFERROR(INDEX(MEM_Nom,MATCH($G20,MEM_ID,0)),"⚠ ID inconnu")) | I20: LIV-010 | J20: =IF($I20="","",IFERROR(INDEX(LIV_Titre,MATCH($I20,LIV_Code,0)),"⚠ Code inconnu")) | K20: =IF($F20="","",$F20+P_Duree) | L20: 45972 | M20: =IF(OR($F20="",$I20=""),"",IF($L20<>"",IF($L20>$K20,"Rendu en retard","Rendu"),IF(TODAY()>$K20,"En retard","En cours"))) | N20: =IF(OR($F20="",$I20=""),"",MAX(0,IF($L20<>"",$L20,TODAY())-$K20)) | O20: =IF(OR($F20="",$I20=""),"",$N20*P_Amende) | R20: =IF($M20="En retard",$N20+ROW()/100000,"") | S20: =IF(OR($F20="",$I20=""),"",$F20+ROW()/100000) | T20: =IF($I20="","",IFERROR(INDEX(LIV_Cat,MATCH($I20,LIV_Code,0)),""))
E21: =IF($F21="","","EMP-"&TEXT(ROW()-6,"0000")) | F21: 45967 | G21: MEM-034 | H21: =IF($G21="","",IFERROR(INDEX(MEM_Nom,MATCH($G21,MEM_ID,0)),"⚠ ID inconnu")) | I21: LIV-010 | J21: =IF($I21="","",IFERROR(INDEX(LIV_Titre,MATCH($I21,LIV_Code,0)),"⚠ Code inconnu")) | K21: =IF($F21="","",$F21+P_Duree) | L21: 45981 | M21: =IF(OR($F21="",$I21=""),"",IF($L21<>"",IF($L21>$K21,"Rendu en retard","Rendu"),IF(TODAY()>$K21,"En retard","En cours"))) | N21: =IF(OR($F21="",$I21=""),"",MAX(0,IF($L21<>"",$L21,TODAY())-$K21)) | O21: =IF(OR($F21="",$I21=""),"",$N21*P_Amende) | R21: =IF($M21="En retard",$N21+ROW()/100000,"") | S21: =IF(OR($F21="",$I21=""),"",$F21+ROW()/100000) | T21: =IF($I21="","",IFERROR(INDEX(LIV_Cat,MATCH($I21,LIV_Code,0)),""))
E22: =IF($F22="","","EMP-"&TEXT(ROW()-6,"0000")) | F22: 45971 | G22: MEM-008 | H22: =IF($G22="","",IFERROR(INDEX(MEM_Nom,MATCH($G22,MEM_ID,0)),"⚠ ID inconnu")) | I22: LIV-010 | J22: =IF($I22="","",IFERROR(INDEX(LIV_Titre,MATCH($I22,LIV_Code,0)),"⚠ Code inconnu")) | K22: =IF($F22="","",$F22+P_Duree) | L22: 45985 | M22: =IF(OR($F22="",$I22=""),"",IF($L22<>"",IF($L22>$K22,"Rendu en retard","Rendu"),IF(TODAY()>$K22,"En retard","En cours"))) | N22: =IF(OR($F22="",$I22=""),"",MAX(0,IF($L22<>"",$L22,TODAY())-$K22)) | O22: =IF(OR($F22="",$I22=""),"",$N22*P_Amende) | R22: =IF($M22="En retard",$N22+ROW()/100000,"") | S22: =IF(OR($F22="",$I22=""),"",$F22+ROW()/100000) | T22: =IF($I22="","",IFERROR(INDEX(LIV_Cat,MATCH($I22,LIV_Code,0)),""))
E23: =IF($F23="","","EMP-"&TEXT(ROW()-6,"0000")) | F23: 45973 | G23: MEM-036 | H23: =IF($G23="","",IFERROR(INDEX(MEM_Nom,MATCH($G23,MEM_ID,0)),"⚠ ID inconnu")) | I23: LIV-035 | J23: =IF($I23="","",IFERROR(INDEX(LIV_Titre,MATCH($I23,LIV_Code,0)),"⚠ Code inconnu")) | K23: =IF($F23="","",$F23+P_Duree) | L23: 45989 | M23: =IF(OR($F23="",$I23=""),"",IF($L23<>"",IF($L23>$K23,"Rendu en retard","Rendu"),IF(TODAY()>$K23,"En retard","En cours"))) | N23: =IF(OR($F23="",$I23=""),"",MAX(0,IF($L23<>"",$L23,TODAY())-$K23)) | O23: =IF(OR($F23="",$I23=""),"",$N23*P_Amende) | P23: Oui | R23: =IF($M23="En retard",$N23+ROW()/100000,"") | S23: =IF(OR($F23="",$I23=""),"",$F23+ROW()/100000) | T23: =IF($I23="","",IFERROR(INDEX(LIV_Cat,MATCH($I23,LIV_Code,0)),""))
E24: =IF($F24="","","EMP-"&TEXT(ROW()-6,"0000")) | F24: 45975 | G24: MEM-033 | H24: =IF($G24="","",IFERROR(INDEX(MEM_Nom,MATCH($G24,MEM_ID,0)),"⚠ ID inconnu")) | I24: LIV-032 | J24: =IF($I24="","",IFERROR(INDEX(LIV_Titre,MATCH($I24,LIV_Code,0)),"⚠ Code inconnu")) | K24: =IF($F24="","",$F24+P_Duree) | L24: 45988 | M24: =IF(OR($F24="",$I24=""),"",IF($L24<>"",IF($L24>$K24,"Rendu en retard","Rendu"),IF(TODAY()>$K24,"En retard","En cours"))) | N24: =IF(OR($F24="",$I24=""),"",MAX(0,IF($L24<>"",$L24,TODAY())-$K24)) | O24: =IF(OR($F24="",$I24=""),"",$N24*P_Amende) | R24: =IF($M24="En retard",$N24+ROW()/100000,"") | S24: =IF(OR($F24="",$I24=""),"",$F24+ROW()/100000) | T24: =IF($I24="","",IFERROR(INDEX(LIV_Cat,MATCH($I24,LIV_Code,0)),""))
E25: =IF($F25="","","EMP-"&TEXT(ROW()-6,"0000")) | F25: 45978 | G25: MEM-011 | H25: =IF($G25="","",IFERROR(INDEX(MEM_Nom,MATCH($G25,MEM_ID,0)),"⚠ ID inconnu")) | I25: LIV-023 | J25: =IF($I25="","",IFERROR(INDEX(LIV_Titre,MATCH($I25,LIV_Code,0)),"⚠ Code inconnu")) | K25: =IF($F25="","",$F25+P_Duree) | L25: 46001 | M25: =IF(OR($F25="",$I25=""),"",IF($L25<>"",IF($L25>$K25,"Rendu en retard","Rendu"),IF(TODAY()>$K25,"En retard","En cours"))) | N25: =IF(OR($F25="",$I25=""),"",MAX(0,IF($L25<>"",$L25,TODAY())-$K25)) | O25: =IF(OR($F25="",$I25=""),"",$N25*P_Amende) | P25: Oui | R25: =IF($M25="En retard",$N25+ROW()/100000,"") | S25: =IF(OR($F25="",$I25=""),"",$F25+ROW()/100000) | T25: =IF($I25="","",IFERROR(INDEX(LIV_Cat,MATCH($I25,LIV_Code,0)),""))
E26: =IF($F26="","","EMP-"&TEXT(ROW()-6,"0000")) | F26: 45979 | G26: MEM-016 | H26: =IF($G26="","",IFERROR(INDEX(MEM_Nom,MATCH($G26,MEM_ID,0)),"⚠ ID inconnu")) | I26: LIV-023 | J26: =IF($I26="","",IFERROR(INDEX(LIV_Titre,MATCH($I26,LIV_Code,0)),"⚠ Code inconnu")) | K26: =IF($F26="","",$F26+P_Duree) | L26: 45998 | M26: =IF(OR($F26="",$I26=""),"",IF($L26<>"",IF($L26>$K26,"Rendu en retard","Rendu"),IF(TODAY()>$K26,"En retard","En cours"))) | N26: =IF(OR($F26="",$I26=""),"",MAX(0,IF($L26<>"",$L26,TODAY())-$K26)) | O26: =IF(OR($F26="",$I26=""),"",$N26*P_Amende) | P26: Oui | R26: =IF($M26="En retard",$N26+ROW()/100000,"") | S26: =IF(OR($F26="",$I26=""),"",$F26+ROW()/100000) | T26: =IF($I26="","",IFERROR(INDEX(LIV_Cat,MATCH($I26,LIV_Code,0)),""))
E27: =IF($F27="","","EMP-"&TEXT(ROW()-6,"0000")) | F27: 45981 | G27: MEM-016 | H27: =IF($G27="","",IFERROR(INDEX(MEM_Nom,MATCH($G27,MEM_ID,0)),"⚠ ID inconnu")) | I27: LIV-023 | J27: =IF($I27="","",IFERROR(INDEX(LIV_Titre,MATCH($I27,LIV_Code,0)),"⚠ Code inconnu")) | K27: =IF($F27="","",$F27+P_Duree) | L27: 45991 | M27: =IF(OR($F27="",$I27=""),"",IF($L27<>"",IF($L27>$K27,"Rendu en retard","Rendu"),IF(TODAY()>$K27,"En retard","En cours"))) | N27: =IF(OR($F27="",$I27=""),"",MAX(0,IF($L27<>"",$L27,TODAY())-$K27)) | O27: =IF(OR($F27="",$I27=""),"",$N27*P_Amende) | R27: =IF($M27="En retard",$N27+ROW()/100000,"") | S27: =IF(OR($F27="",$I27=""),"",$F27+ROW()/100000) | T27: =IF($I27="","",IFERROR(INDEX(LIV_Cat,MATCH($I27,LIV_Code,0)),""))
E28: =IF($F28="","","EMP-"&TEXT(ROW()-6,"0000")) | F28: 45982 | G28: MEM-019 | H28: =IF($G28="","",IFERROR(INDEX(MEM_Nom,MATCH($G28,MEM_ID,0)),"⚠ ID inconnu")) | I28: LIV-002 | J28: =IF($I28="","",IFERROR(INDEX(LIV_Titre,MATCH($I28,LIV_Code,0)),"⚠ Code inconnu")) | K28: =IF($F28="","",$F28+P_Duree) | L28: 45991 | M28: =IF(OR($F28="",$I28=""),"",IF($L28<>"",IF($L28>$K28,"Rendu en retard","Rendu"),IF(TODAY()>$K28,"En retard","En cours"))) | N28: =IF(OR($F28="",$I28=""),"",MAX(0,IF($L28<>"",$L28,TODAY())-$K28)) | O28: =IF(OR($F28="",$I28=""),"",$N28*P_Amende) | R28: =IF($M28="En retard",$N28+ROW()/100000,"") | S28: =IF(OR($F28="",$I28=""),"",$F28+ROW()/100000) | T28: =IF($I28="","",IFERROR(INDEX(LIV_Cat,MATCH($I28,LIV_Code,0)),""))
E29: =IF($F29="","","EMP-"&TEXT(ROW()-6,"0000")) | F29: 45988 | G29: MEM-010 | H29: =IF($G29="","",IFERROR(INDEX(MEM_Nom,MATCH($G29,MEM_ID,0)),"⚠ ID inconnu")) | I29: LIV-002 | J29: =IF($I29="","",IFERROR(INDEX(LIV_Titre,MATCH($I29,LIV_Code,0)),"⚠ Code inconnu")) | K29: =IF($F29="","",$F29+P_Duree) | L29: 45997 | M29: =IF(OR($F29="",$I29=""),"",IF($L29<>"",IF($L29>$K29,"Rendu en retard","Rendu"),IF(TODAY()>$K29,"En retard","En cours"))) | N29: =IF(OR($F29="",$I29=""),"",MAX(0,IF($L29<>"",$L29,TODAY())-$K29)) | O29: =IF(OR($F29="",$I29=""),"",$N29*P_Amende) | R29: =IF($M29="En retard",$N29+ROW()/100000,"") | S29: =IF(OR($F29="",$I29=""),"",$F29+ROW()/100000) | T29: =IF($I29="","",IFERROR(INDEX(LIV_Cat,MATCH($I29,LIV_Code,0)),""))
E30: =IF($F30="","","EMP-"&TEXT(ROW()-6,"0000")) | F30: 45989 | G30: MEM-014 | H30: =IF($G30="","",IFERROR(INDEX(MEM_Nom,MATCH($G30,MEM_ID,0)),"⚠ ID inconnu")) | I30: LIV-037 | J30: =IF($I30="","",IFERROR(INDEX(LIV_Titre,MATCH($I30,LIV_Code,0)),"⚠ Code inconnu")) | K30: =IF($F30="","",$F30+P_Duree) | L30: 45995 | M30: =IF(OR($F30="",$I30=""),"",IF($L30<>"",IF($L30>$K30,"Rendu en retard","Rendu"),IF(TODAY()>$K30,"En retard","En cours"))) | N30: =IF(OR($F30="",$I30=""),"",MAX(0,IF($L30<>"",$L30,TODAY())-$K30)) | O30: =IF(OR($F30="",$I30=""),"",$N30*P_Amende) | R30: =IF($M30="En retard",$N30+ROW()/100000,"") | S30: =IF(OR($F30="",$I30=""),"",$F30+ROW()/100000) | T30: =IF($I30="","",IFERROR(INDEX(LIV_Cat,MATCH($I30,LIV_Code,0)),""))
E31: =IF($F31="","","EMP-"&TEXT(ROW()-6,"0000")) | F31: 45992 | G31: MEM-035 | H31: =IF($G31="","",IFERROR(INDEX(MEM_Nom,MATCH($G31,MEM_ID,0)),"⚠ ID inconnu")) | I31: LIV-019 | J31: =IF($I31="","",IFERROR(INDEX(LIV_Titre,MATCH($I31,LIV_Code,0)),"⚠ Code inconnu")) | K31: =IF($F31="","",$F31+P_Duree) | L31: 46006 | M31: =IF(OR($F31="",$I31=""),"",IF($L31<>"",IF($L31>$K31,"Rendu en retard","Rendu"),IF(TODAY()>$K31,"En retard","En cours"))) | N31: =IF(OR($F31="",$I31=""),"",MAX(0,IF($L31<>"",$L31,TODAY())-$K31)) | O31: =IF(OR($F31="",$I31=""),"",$N31*P_Amende) | R31: =IF($M31="En retard",$N31+ROW()/100000,"") | S31: =IF(OR($F31="",$I31=""),"",$F31+ROW()/100000) | T31: =IF($I31="","",IFERROR(INDEX(LIV_Cat,MATCH($I31,LIV_Code,0)),""))
E32: =IF($F32="","","EMP-"&TEXT(ROW()-6,"0000")) | F32: 45993 | G32: MEM-027 | H32: =IF($G32="","",IFERROR(INDEX(MEM_Nom,MATCH($G32,MEM_ID,0)),"⚠ ID inconnu")) | I32: LIV-002 | J32: =IF($I32="","",IFERROR(INDEX(LIV_Titre,MATCH($I32,LIV_Code,0)),"⚠ Code inconnu")) | K32: =IF($F32="","",$F32+P_Duree) | L32: 46006 | M32: =IF(OR($F32="",$I32=""),"",IF($L32<>"",IF($L32>$K32,"Rendu en retard","Rendu"),IF(TODAY()>$K32,"En retard","En cours"))) | N32: =IF(OR($F32="",$I32=""),"",MAX(0,IF($L32<>"",$L32,TODAY())-$K32)) | O32: =IF(OR($F32="",$I32=""),"",$N32*P_Amende) | R32: =IF($M32="En retard",$N32+ROW()/100000,"") | S32: =IF(OR($F32="",$I32=""),"",$F32+ROW()/100000) | T32: =IF($I32="","",IFERROR(INDEX(LIV_Cat,MATCH($I32,LIV_Code,0)),""))
E33: =IF($F33="","","EMP-"&TEXT(ROW()-6,"0000")) | F33: 45994 | G33: MEM-002 | H33: =IF($G33="","",IFERROR(INDEX(MEM_Nom,MATCH($G33,MEM_ID,0)),"⚠ ID inconnu")) | I33: LIV-059 | J33: =IF($I33="","",IFERROR(INDEX(LIV_Titre,MATCH($I33,LIV_Code,0)),"⚠ Code inconnu")) | K33: =IF($F33="","",$F33+P_Duree) | L33: 46010 | M33: =IF(OR($F33="",$I33=""),"",IF($L33<>"",IF($L33>$K33,"Rendu en retard","Rendu"),IF(TODAY()>$K33,"En retard","En cours"))) | N33: =IF(OR($F33="",$I33=""),"",MAX(0,IF($L33<>"",$L33,TODAY())-$K33)) | O33: =IF(OR($F33="",$I33=""),"",$N33*P_Amende) | P33: Non | R33: =IF($M33="En retard",$N33+ROW()/100000,"") | S33: =IF(OR($F33="",$I33=""),"",$F33+ROW()/100000) | T33: =IF($I33="","",IFERROR(INDEX(LIV_Cat,MATCH($I33,LIV_Code,0)),""))
E34: =IF($F34="","","EMP-"&TEXT(ROW()-6,"0000")) | F34: 45995 | G34: MEM-023 | H34: =IF($G34="","",IFERROR(INDEX(MEM_Nom,MATCH($G34,MEM_ID,0)),"⚠ ID inconnu")) | I34: LIV-023 | J34: =IF($I34="","",IFERROR(INDEX(LIV_Titre,MATCH($I34,LIV_Code,0)),"⚠ Code inconnu")) | K34: =IF($F34="","",$F34+P_Duree) | L34: 46005 | M34: =IF(OR($F34="",$I34=""),"",IF($L34<>"",IF($L34>$K34,"Rendu en retard","Rendu"),IF(TODAY()>$K34,"En retard","En cours"))) | N34: =IF(OR($F34="",$I34=""),"",MAX(0,IF($L34<>"",$L34,TODAY())-$K34)) | O34: =IF(OR($F34="",$I34=""),"",$N34*P_Amende) | R34: =IF($M34="En retard",$N34+ROW()/100000,"") | S34: =IF(OR($F34="",$I34=""),"",$F34+ROW()/100000) | T34: =IF($I34="","",IFERROR(INDEX(LIV_Cat,MATCH($I34,LIV_Code,0)),""))
E35: =IF($F35="","","EMP-"&TEXT(ROW()-6,"0000")) | F35: 45996 | G35: MEM-027 | H35: =IF($G35="","",IFERROR(INDEX(MEM_Nom,MATCH($G35,MEM_ID,0)),"⚠ ID inconnu")) | I35: LIV-049 | J35: =IF($I35="","",IFERROR(INDEX(LIV_Titre,MATCH($I35,LIV_Code,0)),"⚠ Code inconnu")) | K35: =IF($F35="","",$F35+P_Duree) | L35: 46010 | M35: =IF(OR($F35="",$I35=""),"",IF($L35<>"",IF($L35>$K35,"Rendu en retard","Rendu"),IF(TODAY()>$K35,"En retard","En cours"))) | N35: =IF(OR($F35="",$I35=""),"",MAX(0,IF($L35<>"",$L35,TODAY())-$K35)) | O35: =IF(OR($F35="",$I35=""),"",$N35*P_Amende) | R35: =IF($M35="En retard",$N35+ROW()/100000,"") | S35: =IF(OR($F35="",$I35=""),"",$F35+ROW()/100000) | T35: =IF($I35="","",IFERROR(INDEX(LIV_Cat,MATCH($I35,LIV_Code,0)),""))
E36: =IF($F36="","","EMP-"&TEXT(ROW()-6,"0000")) | F36: 45999 | G36: MEM-039 | H36: =IF($G36="","",IFERROR(INDEX(MEM_Nom,MATCH($G36,MEM_ID,0)),"⚠ ID inconnu")) | I36: LIV-041 | J36: =IF($I36="","",IFERROR(INDEX(LIV_Titre,MATCH($I36,LIV_Code,0)),"⚠ Code inconnu")) | K36: =IF($F36="","",$F36+P_Duree) | L36: 46008 | M36: =IF(OR($F36="",$I36=""),"",IF($L36<>"",IF($L36>$K36,"Rendu en retard","Rendu"),IF(TODAY()>$K36,"En retard","En cours"))) | N36: =IF(OR($F36="",$I36=""),"",MAX(0,IF($L36<>"",$L36,TODAY())-$K36)) | O36: =IF(OR($F36="",$I36=""),"",$N36*P_Amende) | R36: =IF($M36="En retard",$N36+ROW()/100000,"") | S36: =IF(OR($F36="",$I36=""),"",$F36+ROW()/100000) | T36: =IF($I36="","",IFERROR(INDEX(LIV_Cat,MATCH($I36,LIV_Code,0)),""))
E37: =IF($F37="","","EMP-"&TEXT(ROW()-6,"0000")) | F37: 45999 | G37: MEM-018 | H37: =IF($G37="","",IFERROR(INDEX(MEM_Nom,MATCH($G37,MEM_ID,0)),"⚠ ID inconnu")) | I37: LIV-023 | J37: =IF($I37="","",IFERROR(INDEX(LIV_Titre,MATCH($I37,LIV_Code,0)),"⚠ Code inconnu")) | K37: =IF($F37="","",$F37+P_Duree) | L37: 46012 | M37: =IF(OR($F37="",$I37=""),"",IF($L37<>"",IF($L37>$K37,"Rendu en retard","Rendu"),IF(TODAY()>$K37,"En retard","En cours"))) | N37: =IF(OR($F37="",$I37=""),"",MAX(0,IF($L37<>"",$L37,TODAY())-$K37)) | O37: =IF(OR($F37="",$I37=""),"",$N37*P_Amende) | R37: =IF($M37="En retard",$N37+ROW()/100000,"") | S37: =IF(OR($F37="",$I37=""),"",$F37+ROW()/100000) | T37: =IF($I37="","",IFERROR(INDEX(LIV_Cat,MATCH($I37,LIV_Code,0)),""))
E38: =IF($F38="","","EMP-"&TEXT(ROW()-6,"0000")) | F38: 46000 | G38: MEM-022 | H38: =IF($G38="","",IFERROR(INDEX(MEM_Nom,MATCH($G38,MEM_ID,0)),"⚠ ID inconnu")) | I38: LIV-001 | J38: =IF($I38="","",IFERROR(INDEX(LIV_Titre,MATCH($I38,LIV_Code,0)),"⚠ Code inconnu")) | K38: =IF($F38="","",$F38+P_Duree) | L38: 46019 | M38: =IF(OR($F38="",$I38=""),"",IF($L38<>"",IF($L38>$K38,"Rendu en retard","Rendu"),IF(TODAY()>$K38,"En retard","En cours"))) | N38: =IF(OR($F38="",$I38=""),"",MAX(0,IF($L38<>"",$L38,TODAY())-$K38)) | O38: =IF(OR($F38="",$I38=""),"",$N38*P_Amende) | P38: Oui | R38: =IF($M38="En retard",$N38+ROW()/100000,"") | S38: =IF(OR($F38="",$I38=""),"",$F38+ROW()/100000) | T38: =IF($I38="","",IFERROR(INDEX(LIV_Cat,MATCH($I38,LIV_Code,0)),""))
E39: =IF($F39="","","EMP-"&TEXT(ROW()-6,"0000")) | F39: 46001 | G39: MEM-011 | H39: =IF($G39="","",IFERROR(INDEX(MEM_Nom,MATCH($G39,MEM_ID,0)),"⚠ ID inconnu")) | I39: LIV-045 | J39: =IF($I39="","",IFERROR(INDEX(LIV_Titre,MATCH($I39,LIV_Code,0)),"⚠ Code inconnu")) | K39: =IF($F39="","",$F39+P_Duree) | L39: 46015 | M39: =IF(OR($F39="",$I39=""),"",IF($L39<>"",IF($L39>$K39,"Rendu en retard","Rendu"),IF(TODAY()>$K39,"En retard","En cours"))) | N39: =IF(OR($F39="",$I39=""),"",MAX(0,IF($L39<>"",$L39,TODAY())-$K39)) | O39: =IF(OR($F39="",$I39=""),"",$N39*P_Amende) | R39: =IF($M39="En retard",$N39+ROW()/100000,"") | S39: =IF(OR($F39="",$I39=""),"",$F39+ROW()/100000) | T39: =IF($I39="","",IFERROR(INDEX(LIV_Cat,MATCH($I39,LIV_Code,0)),""))
E40: =IF($F40="","","EMP-"&TEXT(ROW()-6,"0000")) | F40: 46001 | G40: MEM-040 | H40: =IF($G40="","",IFERROR(INDEX(MEM_Nom,MATCH($G40,MEM_ID,0)),"⚠ ID inconnu")) | I40: LIV-056 | J40: =IF($I40="","",IFERROR(INDEX(LIV_Titre,MATCH($I40,LIV_Code,0)),"⚠ Code inconnu")) | K40: =IF($F40="","",$F40+P_Duree) | L40: 46015 | M40: =IF(OR($F40="",$I40=""),"",IF($L40<>"",IF($L40>$K40,"Rendu en retard","Rendu"),IF(TODAY()>$K40,"En retard","En cours"))) | N40: =IF(OR($F40="",$I40=""),"",MAX(0,IF($L40<>"",$L40,TODAY())-$K40)) | O40: =IF(OR($F40="",$I40=""),"",$N40*P_Amende) | R40: =IF($M40="En retard",$N40+ROW()/100000,"") | S40: =IF(OR($F40="",$I40=""),"",$F40+ROW()/100000) | T40: =IF($I40="","",IFERROR(INDEX(LIV_Cat,MATCH($I40,LIV_Code,0)),""))
E41: =IF($F41="","","EMP-"&TEXT(ROW()-6,"0000")) | F41: 46003 | G41: MEM-002 | H41: =IF($G41="","",IFERROR(INDEX(MEM_Nom,MATCH($G41,MEM_ID,0)),"⚠ ID inconnu")) | I41: LIV-030 | J41: =IF($I41="","",IFERROR(INDEX(LIV_Titre,MATCH($I41,LIV_Code,0)),"⚠ Code inconnu")) | K41: =IF($F41="","",$F41+P_Duree) | L41: 46009 | M41: =IF(OR($F41="",$I41=""),"",IF($L41<>"",IF($L41>$K41,"Rendu en retard","Rendu"),IF(TODAY()>$K41,"En retard","En cours"))) | N41: =IF(OR($F41="",$I41=""),"",MAX(0,IF($L41<>"",$L41,TODAY())-$K41)) | O41: =IF(OR($F41="",$I41=""),"",$N41*P_Amende) | R41: =IF($M41="En retard",$N41+ROW()/100000,"") | S41: =IF(OR($F41="",$I41=""),"",$F41+ROW()/100000) | T41: =IF($I41="","",IFERROR(INDEX(LIV_Cat,MATCH($I41,LIV_Code,0)),""))
E42: =IF($F42="","","EMP-"&TEXT(ROW()-6,"0000")) | F42: 46006 | G42: MEM-030 | H42: =IF($G42="","",IFERROR(INDEX(MEM_Nom,MATCH($G42,MEM_ID,0)),"⚠ ID inconnu")) | I42: LIV-021 | J42: =IF($I42="","",IFERROR(INDEX(LIV_Titre,MATCH($I42,LIV_Code,0)),"⚠ Code inconnu")) | K42: =IF($F42="","",$F42+P_Duree) | L42: 46013 | M42: =IF(OR($F42="",$I42=""),"",IF($L42<>"",IF($L42>$K42,"Rendu en retard","Rendu"),IF(TODAY()>$K42,"En retard","En cours"))) | N42: =IF(OR($F42="",$I42=""),"",MAX(0,IF($L42<>"",$L42,TODAY())-$K42)) | O42: =IF(OR($F42="",$I42=""),"",$N42*P_Amende) | R42: =IF($M42="En retard",$N42+ROW()/100000,"") | S42: =IF(OR($F42="",$I42=""),"",$F42+ROW()/100000) | T42: =IF($I42="","",IFERROR(INDEX(LIV_Cat,MATCH($I42,LIV_Code,0)),""))
E43: =IF($F43="","","EMP-"&TEXT(ROW()-6,"0000")) | F43: 46006 | G43: MEM-025 | H43: =IF($G43="","",IFERROR(INDEX(MEM_Nom,MATCH($G43,MEM_ID,0)),"⚠ ID inconnu")) | I43: LIV-002 | J43: =IF($I43="","",IFERROR(INDEX(LIV_Titre,MATCH($I43,LIV_Code,0)),"⚠ Code inconnu")) | K43: =IF($F43="","",$F43+P_Duree) | L43: 46018 | M43: =IF(OR($F43="",$I43=""),"",IF($L43<>"",IF($L43>$K43,"Rendu en retard","Rendu"),IF(TODAY()>$K43,"En retard","En cours"))) | N43: =IF(OR($F43="",$I43=""),"",MAX(0,IF($L43<>"",$L43,TODAY())-$K43)) | O43: =IF(OR($F43="",$I43=""),"",$N43*P_Amende) | R43: =IF($M43="En retard",$N43+ROW()/100000,"") | S43: =IF(OR($F43="",$I43=""),"",$F43+ROW()/100000) | T43: =IF($I43="","",IFERROR(INDEX(LIV_Cat,MATCH($I43,LIV_Code,0)),""))
E44: =IF($F44="","","EMP-"&TEXT(ROW()-6,"0000")) | F44: 46008 | G44: MEM-025 | H44: =IF($G44="","",IFERROR(INDEX(MEM_Nom,MATCH($G44,MEM_ID,0)),"⚠ ID inconnu")) | I44: LIV-014 | J44: =IF($I44="","",IFERROR(INDEX(LIV_Titre,MATCH($I44,LIV_Code,0)),"⚠ Code inconnu")) | K44: =IF($F44="","",$F44+P_Duree) | L44: 46018 | M44: =IF(OR($F44="",$I44=""),"",IF($L44<>"",IF($L44>$K44,"Rendu en retard","Rendu"),IF(TODAY()>$K44,"En retard","En cours"))) | N44: =IF(OR($F44="",$I44=""),"",MAX(0,IF($L44<>"",$L44,TODAY())-$K44)) | O44: =IF(OR($F44="",$I44=""),"",$N44*P_Amende) | R44: =IF($M44="En retard",$N44+ROW()/100000,"") | S44: =IF(OR($F44="",$I44=""),"",$F44+ROW()/100000) | T44: =IF($I44="","",IFERROR(INDEX(LIV_Cat,MATCH($I44,LIV_Code,0)),""))
E45: =IF($F45="","","EMP-"&TEXT(ROW()-6,"0000")) | F45: 46009 | G45: MEM-006 | H45: =IF($G45="","",IFERROR(INDEX(MEM_Nom,MATCH($G45,MEM_ID,0)),"⚠ ID inconnu")) | I45: LIV-011 | J45: =IF($I45="","",IFERROR(INDEX(LIV_Titre,MATCH($I45,LIV_Code,0)),"⚠ Code inconnu")) | K45: =IF($F45="","",$F45+P_Duree) | L45: 46023 | M45: =IF(OR($F45="",$I45=""),"",IF($L45<>"",IF($L45>$K45,"Rendu en retard","Rendu"),IF(TODAY()>$K45,"En retard","En cours"))) | N45: =IF(OR($F45="",$I45=""),"",MAX(0,IF($L45<>"",$L45,TODAY())-$K45)) | O45: =IF(OR($F45="",$I45=""),"",$N45*P_Amende) | R45: =IF($M45="En retard",$N45+ROW()/100000,"") | S45: =IF(OR($F45="",$I45=""),"",$F45+ROW()/100000) | T45: =IF($I45="","",IFERROR(INDEX(LIV_Cat,MATCH($I45,LIV_Code,0)),""))
E46: =IF($F46="","","EMP-"&TEXT(ROW()-6,"0000")) | F46: 46013 | G46: MEM-023 | H46: =IF($G46="","",IFERROR(INDEX(MEM_Nom,MATCH($G46,MEM_ID,0)),"⚠ ID inconnu")) | I46: LIV-029 | J46: =IF($I46="","",IFERROR(INDEX(LIV_Titre,MATCH($I46,LIV_Code,0)),"⚠ Code inconnu")) | K46: =IF($F46="","",$F46+P_Duree) | L46: 46022 | M46: =IF(OR($F46="",$I46=""),"",IF($L46<>"",IF($L46>$K46,"Rendu en retard","Rendu"),IF(TODAY()>$K46,"En retard","En cours"))) | N46: =IF(OR($F46="",$I46=""),"",MAX(0,IF($L46<>"",$L46,TODAY())-$K46)) | O46: =IF(OR($F46="",$I46=""),"",$N46*P_Amende) | R46: =IF($M46="En retard",$N46+ROW()/100000,"") | S46: =IF(OR($F46="",$I46=""),"",$F46+ROW()/100000) | T46: =IF($I46="","",IFERROR(INDEX(LIV_Cat,MATCH($I46,LIV_Code,0)),""))
E47: =IF($F47="","","EMP-"&TEXT(ROW()-6,"0000")) | F47: 46013 | G47: MEM-003 | H47: =IF($G47="","",IFERROR(INDEX(MEM_Nom,MATCH($G47,MEM_ID,0)),"⚠ ID inconnu")) | I47: LIV-035 | J47: =IF($I47="","",IFERROR(INDEX(LIV_Titre,MATCH($I47,LIV_Code,0)),"⚠ Code inconnu")) | K47: =IF($F47="","",$F47+P_Duree) | L47: 46017 | M47: =IF(OR($F47="",$I47=""),"",IF($L47<>"",IF($L47>$K47,"Rendu en retard","Rendu"),IF(TODAY()>$K47,"En retard","En cours"))) | N47: =IF(OR($F47="",$I47=""),"",MAX(0,IF($L47<>"",$L47,TODAY())-$K47)) | O47: =IF(OR($F47="",$I47=""),"",$N47*P_Amende) | R47: =IF($M47="En retard",$N47+ROW()/100000,"") | S47: =IF(OR($F47="",$I47=""),"",$F47+ROW()/100000) | T47: =IF($I47="","",IFERROR(INDEX(LIV_Cat,MATCH($I47,LIV_Code,0)),""))
E48: =IF($F48="","","EMP-"&TEXT(ROW()-6,"0000")) | F48: 46017 | G48: MEM-009 | H48: =IF($G48="","",IFERROR(INDEX(MEM_Nom,MATCH($G48,MEM_ID,0)),"⚠ ID inconnu")) | I48: LIV-004 | J48: =IF($I48="","",IFERROR(INDEX(LIV_Titre,MATCH($I48,LIV_Code,0)),"⚠ Code inconnu")) | K48: =IF($F48="","",$F48+P_Duree) | L48: 46031 | M48: =IF(OR($F48="",$I48=""),"",IF($L48<>"",IF($L48>$K48,"Rendu en retard","Rendu"),IF(TODAY()>$K48,"En retard","En cours"))) | N48: =IF(OR($F48="",$I48=""),"",MAX(0,IF($L48<>"",$L48,TODAY())-$K48)) | O48: =IF(OR($F48="",$I48=""),"",$N48*P_Amende) | R48: =IF($M48="En retard",$N48+ROW()/100000,"") | S48: =IF(OR($F48="",$I48=""),"",$F48+ROW()/100000) | T48: =IF($I48="","",IFERROR(INDEX(LIV_Cat,MATCH($I48,LIV_Code,0)),""))
E49: =IF($F49="","","EMP-"&TEXT(ROW()-6,"0000")) | F49: 46020 | G49: MEM-014 | H49: =IF($G49="","",IFERROR(INDEX(MEM_Nom,MATCH($G49,MEM_ID,0)),"⚠ ID inconnu")) | I49: LIV-004 | J49: =IF($I49="","",IFERROR(INDEX(LIV_Titre,MATCH($I49,LIV_Code,0)),"⚠ Code inconnu")) | K49: =IF($F49="","",$F49+P_Duree) | L49: 46034 | M49: =IF(OR($F49="",$I49=""),"",IF($L49<>"",IF($L49>$K49,"Rendu en retard","Rendu"),IF(TODAY()>$K49,"En retard","En cours"))) | N49: =IF(OR($F49="",$I49=""),"",MAX(0,IF($L49<>"",$L49,TODAY())-$K49)) | O49: =IF(OR($F49="",$I49=""),"",$N49*P_Amende) | R49: =IF($M49="En retard",$N49+ROW()/100000,"") | S49: =IF(OR($F49="",$I49=""),"",$F49+ROW()/100000) | T49: =IF($I49="","",IFERROR(INDEX(LIV_Cat,MATCH($I49,LIV_Code,0)),""))
E50: =IF($F50="","","EMP-"&TEXT(ROW()-6,"0000")) | F50: 46020 | G50: MEM-024 | H50: =IF($G50="","",IFERROR(INDEX(MEM_Nom,MATCH($G50,MEM_ID,0)),"⚠ ID inconnu")) | I50: LIV-037 | J50: =IF($I50="","",IFERROR(INDEX(LIV_Titre,MATCH($I50,LIV_Code,0)),"⚠ Code inconnu")) | K50: =IF($F50="","",$F50+P_Duree) | L50: 46027 | M50: =IF(OR($F50="",$I50=""),"",IF($L50<>"",IF($L50>$K50,"Rendu en retard","Rendu"),IF(TODAY()>$K50,"En retard","En cours"))) | N50: =IF(OR($F50="",$I50=""),"",MAX(0,IF($L50<>"",$L50,TODAY())-$K50)) | O50: =IF(OR($F50="",$I50=""),"",$N50*P_Amende) | R50: =IF($M50="En retard",$N50+ROW()/100000,"") | S50: =IF(OR($F50="",$I50=""),"",$F50+ROW()/100000) | T50: =IF($I50="","",IFERROR(INDEX(LIV_Cat,MATCH($I50,LIV_Code,0)),""))
E51: =IF($F51="","","EMP-"&TEXT(ROW()-6,"0000")) | F51: 46021 | G51: MEM-008 | H51: =IF($G51="","",IFERROR(INDEX(MEM_Nom,MATCH($G51,MEM_ID,0)),"⚠ ID inconnu")) | I51: LIV-032 | J51: =IF($I51="","",IFERROR(INDEX(LIV_Titre,MATCH($I51,LIV_Code,0)),"⚠ Code inconnu")) | K51: =IF($F51="","",$F51+P_Duree) | L51: 46028 | M51: =IF(OR($F51="",$I51=""),"",IF($L51<>"",IF($L51>$K51,"Rendu en retard","Rendu"),IF(TODAY()>$K51,"En retard","En cours"))) | N51: =IF(OR($F51="",$I51=""),"",MAX(0,IF($L51<>"",$L51,TODAY())-$K51)) | O51: =IF(OR($F51="",$I51=""),"",$N51*P_Amende) | R51: =IF($M51="En retard",$N51+ROW()/100000,"") | S51: =IF(OR($F51="",$I51=""),"",$F51+ROW()/100000) | T51: =IF($I51="","",IFERROR(INDEX(LIV_Cat,MATCH($I51,LIV_Code,0)),""))
E52: =IF($F52="","","EMP-"&TEXT(ROW()-6,"0000")) | F52: 46024 | G52: MEM-020 | H52: =IF($G52="","",IFERROR(INDEX(MEM_Nom,MATCH($G52,MEM_ID,0)),"⚠ ID inconnu")) | I52: LIV-001 | J52: =IF($I52="","",IFERROR(INDEX(LIV_Titre,MATCH($I52,LIV_Code,0)),"⚠ Code inconnu")) | K52: =IF($F52="","",$F52+P_Duree) | L52: 46040 | M52: =IF(OR($F52="",$I52=""),"",IF($L52<>"",IF($L52>$K52,"Rendu en retard","Rendu"),IF(TODAY()>$K52,"En retard","En cours"))) | N52: =IF(OR($F52="",$I52=""),"",MAX(0,IF($L52<>"",$L52,TODAY())-$K52)) | O52: =IF(OR($F52="",$I52=""),"",$N52*P_Amende) | P52: Oui | R52: =IF($M52="En retard",$N52+ROW()/100000,"") | S52: =IF(OR($F52="",$I52=""),"",$F52+ROW()/100000) | T52: =IF($I52="","",IFERROR(INDEX(LIV_Cat,MATCH($I52,LIV_Code,0)),""))
E53: =IF($F53="","","EMP-"&TEXT(ROW()-6,"0000")) | F53: 46027 | G53: MEM-025 | H53: =IF($G53="","",IFERROR(INDEX(MEM_Nom,MATCH($G53,MEM_ID,0)),"⚠ ID inconnu")) | I53: LIV-055 | J53: =IF($I53="","",IFERROR(INDEX(LIV_Titre,MATCH($I53,LIV_Code,0)),"⚠ Code inconnu")) | K53: =IF($F53="","",$F53+P_Duree) | L53: 46040 | M53: =IF(OR($F53="",$I53=""),"",IF($L53<>"",IF($L53>$K53,"Rendu en retard","Rendu"),IF(TODAY()>$K53,"En retard","En cours"))) | N53: =IF(OR($F53="",$I53=""),"",MAX(0,IF($L53<>"",$L53,TODAY())-$K53)) | O53: =IF(OR($F53="",$I53=""),"",$N53*P_Amende) | R53: =IF($M53="En retard",$N53+ROW()/100000,"") | S53: =IF(OR($F53="",$I53=""),"",$F53+ROW()/100000) | T53: =IF($I53="","",IFERROR(INDEX(LIV_Cat,MATCH($I53,LIV_Code,0)),""))
E54: =IF($F54="","","EMP-"&TEXT(ROW()-6,"0000")) | F54: 46027 | G54: MEM-013 | H54: =IF($G54="","",IFERROR(INDEX(MEM_Nom,MATCH($G54,MEM_ID,0)),"⚠ ID inconnu")) | I54: LIV-058 | J54: =IF($I54="","",IFERROR(INDEX(LIV_Titre,MATCH($I54,LIV_Code,0)),"⚠ Code inconnu")) | K54: =IF($F54="","",$F54+P_Duree) | L54: 46033 | M54: =IF(OR($F54="",$I54=""),"",IF($L54<>"",IF($L54>$K54,"Rendu en retard","Rendu"),IF(TODAY()>$K54,"En retard","En cours"))) | N54: =IF(OR($F54="",$I54=""),"",MAX(0,IF($L54<>"",$L54,TODAY())-$K54)) | O54: =IF(OR($F54="",$I54=""),"",$N54*P_Amende) | R54: =IF($M54="En retard",$N54+ROW()/100000,"") | S54: =IF(OR($F54="",$I54=""),"",$F54+ROW()/100000) | T54: =IF($I54="","",IFERROR(INDEX(LIV_Cat,MATCH($I54,LIV_Code,0)),""))
E55: =IF($F55="","","EMP-"&TEXT(ROW()-6,"0000")) | F55: 46028 | G55: MEM-016 | H55: =IF($G55="","",IFERROR(INDEX(MEM_Nom,MATCH($G55,MEM_ID,0)),"⚠ ID inconnu")) | I55: LIV-036 | J55: =IF($I55="","",IFERROR(INDEX(LIV_Titre,MATCH($I55,LIV_Code,0)),"⚠ Code inconnu")) | K55: =IF($F55="","",$F55+P_Duree) | L55: 46034 | M55: =IF(OR($F55="",$I55=""),"",IF($L55<>"",IF($L55>$K55,"Rendu en retard","Rendu"),IF(TODAY()>$K55,"En retard","En cours"))) | N55: =IF(OR($F55="",$I55=""),"",MAX(0,IF($L55<>"",$L55,TODAY())-$K55)) | O55: =IF(OR($F55="",$I55=""),"",$N55*P_Amende) | R55: =IF($M55="En retard",$N55+ROW()/100000,"") | S55: =IF(OR($F55="",$I55=""),"",$F55+ROW()/100000) | T55: =IF($I55="","",IFERROR(INDEX(LIV_Cat,MATCH($I55,LIV_Code,0)),""))
E56: =IF($F56="","","EMP-"&TEXT(ROW()-6,"0000")) | F56: 46029 | G56: MEM-039 | H56: =IF($G56="","",IFERROR(INDEX(MEM_Nom,MATCH($G56,MEM_ID,0)),"⚠ ID inconnu")) | I56: LIV-045 | J56: =IF($I56="","",IFERROR(INDEX(LIV_Titre,MATCH($I56,LIV_Code,0)),"⚠ Code inconnu")) | K56: =IF($F56="","",$F56+P_Duree) | L56: 46035 | M56: =IF(OR($F56="",$I56=""),"",IF($L56<>"",IF($L56>$K56,"Rendu en retard","Rendu"),IF(TODAY()>$K56,"En retard","En cours"))) | N56: =IF(OR($F56="",$I56=""),"",MAX(0,IF($L56<>"",$L56,TODAY())-$K56)) | O56: =IF(OR($F56="",$I56=""),"",$N56*P_Amende) | R56: =IF($M56="En retard",$N56+ROW()/100000,"") | S56: =IF(OR($F56="",$I56=""),"",$F56+ROW()/100000) | T56: =IF($I56="","",IFERROR(INDEX(LIV_Cat,MATCH($I56,LIV_Code,0)),""))
E57: =IF($F57="","","EMP-"&TEXT(ROW()-6,"0000")) | F57: 46029 | G57: MEM-037 | H57: =IF($G57="","",IFERROR(INDEX(MEM_Nom,MATCH($G57,MEM_ID,0)),"⚠ ID inconnu")) | I57: LIV-045 | J57: =IF($I57="","",IFERROR(INDEX(LIV_Titre,MATCH($I57,LIV_Code,0)),"⚠ Code inconnu")) | K57: =IF($F57="","",$F57+P_Duree) | L57: 46033 | M57: =IF(OR($F57="",$I57=""),"",IF($L57<>"",IF($L57>$K57,"Rendu en retard","Rendu"),IF(TODAY()>$K57,"En retard","En cours"))) | N57: =IF(OR($F57="",$I57=""),"",MAX(0,IF($L57<>"",$L57,TODAY())-$K57)) | O57: =IF(OR($F57="",$I57=""),"",$N57*P_Amende) | R57: =IF($M57="En retard",$N57+ROW()/100000,"") | S57: =IF(OR($F57="",$I57=""),"",$F57+ROW()/100000) | T57: =IF($I57="","",IFERROR(INDEX(LIV_Cat,MATCH($I57,LIV_Code,0)),""))
E58: =IF($F58="","","EMP-"&TEXT(ROW()-6,"0000")) | F58: 46031 | G58: MEM-024 | H58: =IF($G58="","",IFERROR(INDEX(MEM_Nom,MATCH($G58,MEM_ID,0)),"⚠ ID inconnu")) | I58: LIV-021 | J58: =IF($I58="","",IFERROR(INDEX(LIV_Titre,MATCH($I58,LIV_Code,0)),"⚠ Code inconnu")) | K58: =IF($F58="","",$F58+P_Duree) | L58: 46037 | M58: =IF(OR($F58="",$I58=""),"",IF($L58<>"",IF($L58>$K58,"Rendu en retard","Rendu"),IF(TODAY()>$K58,"En retard","En cours"))) | N58: =IF(OR($F58="",$I58=""),"",MAX(0,IF($L58<>"",$L58,TODAY())-$K58)) | O58: =IF(OR($F58="",$I58=""),"",$N58*P_Amende) | R58: =IF($M58="En retard",$N58+ROW()/100000,"") | S58: =IF(OR($F58="",$I58=""),"",$F58+ROW()/100000) | T58: =IF($I58="","",IFERROR(INDEX(LIV_Cat,MATCH($I58,LIV_Code,0)),""))
E59: =IF($F59="","","EMP-"&TEXT(ROW()-6,"0000")) | F59: 46034 | G59: MEM-001 | H59: =IF($G59="","",IFERROR(INDEX(MEM_Nom,MATCH($G59,MEM_ID,0)),"⚠ ID inconnu")) | I59: LIV-035 | J59: =IF($I59="","",IFERROR(INDEX(LIV_Titre,MATCH($I59,LIV_Code,0)),"⚠ Code inconnu")) | K59: =IF($F59="","",$F59+P_Duree) | L59: 46047 | M59: =IF(OR($F59="",$I59=""),"",IF($L59<>"",IF($L59>$K59,"Rendu en retard","Rendu"),IF(TODAY()>$K59,"En retard","En cours"))) | N59: =IF(OR($F59="",$I59=""),"",MAX(0,IF($L59<>"",$L59,TODAY())-$K59)) | O59: =IF(OR($F59="",$I59=""),"",$N59*P_Amende) | R59: =IF($M59="En retard",$N59+ROW()/100000,"") | S59: =IF(OR($F59="",$I59=""),"",$F59+ROW()/100000) | T59: =IF($I59="","",IFERROR(INDEX(LIV_Cat,MATCH($I59,LIV_Code,0)),""))
E60: =IF($F60="","","EMP-"&TEXT(ROW()-6,"0000")) | F60: 46035 | G60: MEM-024 | H60: =IF($G60="","",IFERROR(INDEX(MEM_Nom,MATCH($G60,MEM_ID,0)),"⚠ ID inconnu")) | I60: LIV-003 | J60: =IF($I60="","",IFERROR(INDEX(LIV_Titre,MATCH($I60,LIV_Code,0)),"⚠ Code inconnu")) | K60: =IF($F60="","",$F60+P_Duree) | L60: 46054 | M60: =IF(OR($F60="",$I60=""),"",IF($L60<>"",IF($L60>$K60,"Rendu en retard","Rendu"),IF(TODAY()>$K60,"En retard","En cours"))) | N60: =IF(OR($F60="",$I60=""),"",MAX(0,IF($L60<>"",$L60,TODAY())-$K60)) | O60: =IF(OR($F60="",$I60=""),"",$N60*P_Amende) | P60: Oui | R60: =IF($M60="En retard",$N60+ROW()/100000,"") | S60: =IF(OR($F60="",$I60=""),"",$F60+ROW()/100000) | T60: =IF($I60="","",IFERROR(INDEX(LIV_Cat,MATCH($I60,LIV_Code,0)),""))
E61: =IF($F61="","","EMP-"&TEXT(ROW()-6,"0000")) | F61: 46036 | G61: MEM-028 | H61: =IF($G61="","",IFERROR(INDEX(MEM_Nom,MATCH($G61,MEM_ID,0)),"⚠ ID inconnu")) | I61: LIV-038 | J61: =IF($I61="","",IFERROR(INDEX(LIV_Titre,MATCH($I61,LIV_Code,0)),"⚠ Code inconnu")) | K61: =IF($F61="","",$F61+P_Duree) | L61: 46043 | M61: =IF(OR($F61="",$I61=""),"",IF($L61<>"",IF($L61>$K61,"Rendu en retard","Rendu"),IF(TODAY()>$K61,"En retard","En cours"))) | N61: =IF(OR($F61="",$I61=""),"",MAX(0,IF($L61<>"",$L61,TODAY())-$K61)) | O61: =IF(OR($F61="",$I61=""),"",$N61*P_Amende) | R61: =IF($M61="En retard",$N61+ROW()/100000,"") | S61: =IF(OR($F61="",$I61=""),"",$F61+ROW()/100000) | T61: =IF($I61="","",IFERROR(INDEX(LIV_Cat,MATCH($I61,LIV_Code,0)),""))
E62: =IF($F62="","","EMP-"&TEXT(ROW()-6,"0000")) | F62: 46037 | G62: MEM-018 | H62: =IF($G62="","",IFERROR(INDEX(MEM_Nom,MATCH($G62,MEM_ID,0)),"⚠ ID inconnu")) | I62: LIV-027 | J62: =IF($I62="","",IFERROR(INDEX(LIV_Titre,MATCH($I62,LIV_Code,0)),"⚠ Code inconnu")) | K62: =IF($F62="","",$F62+P_Duree) | L62: 46053 | M62: =IF(OR($F62="",$I62=""),"",IF($L62<>"",IF($L62>$K62,"Rendu en retard","Rendu"),IF(TODAY()>$K62,"En retard","En cours"))) | N62: =IF(OR($F62="",$I62=""),"",MAX(0,IF($L62<>"",$L62,TODAY())-$K62)) | O62: =IF(OR($F62="",$I62=""),"",$N62*P_Amende) | P62: Oui | R62: =IF($M62="En retard",$N62+ROW()/100000,"") | S62: =IF(OR($F62="",$I62=""),"",$F62+ROW()/100000) | T62: =IF($I62="","",IFERROR(INDEX(LIV_Cat,MATCH($I62,LIV_Code,0)),""))
E63: =IF($F63="","","EMP-"&TEXT(ROW()-6,"0000")) | F63: 46037 | G63: MEM-035 | H63: =IF($G63="","",IFERROR(INDEX(MEM_Nom,MATCH($G63,MEM_ID,0)),"⚠ ID inconnu")) | I63: LIV-045 | J63: =IF($I63="","",IFERROR(INDEX(LIV_Titre,MATCH($I63,LIV_Code,0)),"⚠ Code inconnu")) | K63: =IF($F63="","",$F63+P_Duree) | L63: 46051 | M63: =IF(OR($F63="",$I63=""),"",IF($L63<>"",IF($L63>$K63,"Rendu en retard","Rendu"),IF(TODAY()>$K63,"En retard","En cours"))) | N63: =IF(OR($F63="",$I63=""),"",MAX(0,IF($L63<>"",$L63,TODAY())-$K63)) | O63: =IF(OR($F63="",$I63=""),"",$N63*P_Amende) | R63: =IF($M63="En retard",$N63+ROW()/100000,"") | S63: =IF(OR($F63="",$I63=""),"",$F63+ROW()/100000) | T63: =IF($I63="","",IFERROR(INDEX(LIV_Cat,MATCH($I63,LIV_Code,0)),""))
E64: =IF($F64="","","EMP-"&TEXT(ROW()-6,"0000")) | F64: 46038 | G64: MEM-038 | H64: =IF($G64="","",IFERROR(INDEX(MEM_Nom,MATCH($G64,MEM_ID,0)),"⚠ ID inconnu")) | I64: LIV-022 | J64: =IF($I64="","",IFERROR(INDEX(LIV_Titre,MATCH($I64,LIV_Code,0)),"⚠ Code inconnu")) | K64: =IF($F64="","",$F64+P_Duree) | L64: 46048 | M64: =IF(OR($F64="",$I64=""),"",IF($L64<>"",IF($L64>$K64,"Rendu en retard","Rendu"),IF(TODAY()>$K64,"En retard","En cours"))) | N64: =IF(OR($F64="",$I64=""),"",MAX(0,IF($L64<>"",$L64,TODAY())-$K64)) | O64: =IF(OR($F64="",$I64=""),"",$N64*P_Amende) | R64: =IF($M64="En retard",$N64+ROW()/100000,"") | S64: =IF(OR($F64="",$I64=""),"",$F64+ROW()/100000) | T64: =IF($I64="","",IFERROR(INDEX(LIV_Cat,MATCH($I64,LIV_Code,0)),""))
E65: =IF($F65="","","EMP-"&TEXT(ROW()-6,"0000")) | F65: 46045 | G65: MEM-030 | H65: =IF($G65="","",IFERROR(INDEX(MEM_Nom,MATCH($G65,MEM_ID,0)),"⚠ ID inconnu")) | I65: LIV-010 | J65: =IF($I65="","",IFERROR(INDEX(LIV_Titre,MATCH($I65,LIV_Code,0)),"⚠ Code inconnu")) | K65: =IF($F65="","",$F65+P_Duree) | L65: 46061 | M65: =IF(OR($F65="",$I65=""),"",IF($L65<>"",IF($L65>$K65,"Rendu en retard","Rendu"),IF(TODAY()>$K65,"En retard","En cours"))) | N65: =IF(OR($F65="",$I65=""),"",MAX(0,IF($L65<>"",$L65,TODAY())-$K65)) | O65: =IF(OR($F65="",$I65=""),"",$N65*P_Amende) | P65: Non | R65: =IF($M65="En retard",$N65+ROW()/100000,"") | S65: =IF(OR($F65="",$I65=""),"",$F65+ROW()/100000) | T65: =IF($I65="","",IFERROR(INDEX(LIV_Cat,MATCH($I65,LIV_Code,0)),""))
E66: =IF($F66="","","EMP-"&TEXT(ROW()-6,"0000")) | F66: 46048 | G66: MEM-022 | H66: =IF($G66="","",IFERROR(INDEX(MEM_Nom,MATCH($G66,MEM_ID,0)),"⚠ ID inconnu")) | I66: LIV-035 | J66: =IF($I66="","",IFERROR(INDEX(LIV_Titre,MATCH($I66,LIV_Code,0)),"⚠ Code inconnu")) | K66: =IF($F66="","",$F66+P_Duree) | L66: 46052 | M66: =IF(OR($F66="",$I66=""),"",IF($L66<>"",IF($L66>$K66,"Rendu en retard","Rendu"),IF(TODAY()>$K66,"En retard","En cours"))) | N66: =IF(OR($F66="",$I66=""),"",MAX(0,IF($L66<>"",$L66,TODAY())-$K66)) | O66: =IF(OR($F66="",$I66=""),"",$N66*P_Amende) | R66: =IF($M66="En retard",$N66+ROW()/100000,"") | S66: =IF(OR($F66="",$I66=""),"",$F66+ROW()/100000) | T66: =IF($I66="","",IFERROR(INDEX(LIV_Cat,MATCH($I66,LIV_Code,0)),""))
E67: =IF($F67="","","EMP-"&TEXT(ROW()-6,"0000")) | F67: 46049 | G67: MEM-012 | H67: =IF($G67="","",IFERROR(INDEX(MEM_Nom,MATCH($G67,MEM_ID,0)),"⚠ ID inconnu")) | I67: LIV-049 | J67: =IF($I67="","",IFERROR(INDEX(LIV_Titre,MATCH($I67,LIV_Code,0)),"⚠ Code inconnu")) | K67: =IF($F67="","",$F67+P_Duree) | L67: 46063 | M67: =IF(OR($F67="",$I67=""),"",IF($L67<>"",IF($L67>$K67,"Rendu en retard","Rendu"),IF(TODAY()>$K67,"En retard","En cours"))) | N67: =IF(OR($F67="",$I67=""),"",MAX(0,IF($L67<>"",$L67,TODAY())-$K67)) | O67: =IF(OR($F67="",$I67=""),"",$N67*P_Amende) | R67: =IF($M67="En retard",$N67+ROW()/100000,"") | S67: =IF(OR($F67="",$I67=""),"",$F67+ROW()/100000) | T67: =IF($I67="","",IFERROR(INDEX(LIV_Cat,MATCH($I67,LIV_Code,0)),""))
E68: =IF($F68="","","EMP-"&TEXT(ROW()-6,"0000")) | F68: 46057 | G68: MEM-018 | H68: =IF($G68="","",IFERROR(INDEX(MEM_Nom,MATCH($G68,MEM_ID,0)),"⚠ ID inconnu")) | I68: LIV-037 | J68: =IF($I68="","",IFERROR(INDEX(LIV_Titre,MATCH($I68,LIV_Code,0)),"⚠ Code inconnu")) | K68: =IF($F68="","",$F68+P_Duree) | L68: 46071 | M68: =IF(OR($F68="",$I68=""),"",IF($L68<>"",IF($L68>$K68,"Rendu en retard","Rendu"),IF(TODAY()>$K68,"En retard","En cours"))) | N68: =IF(OR($F68="",$I68=""),"",MAX(0,IF($L68<>"",$L68,TODAY())-$K68)) | O68: =IF(OR($F68="",$I68=""),"",$N68*P_Amende) | R68: =IF($M68="En retard",$N68+ROW()/100000,"") | S68: =IF(OR($F68="",$I68=""),"",$F68+ROW()/100000) | T68: =IF($I68="","",IFERROR(INDEX(LIV_Cat,MATCH($I68,LIV_Code,0)),""))
E69: =IF($F69="","","EMP-"&TEXT(ROW()-6,"0000")) | F69: 46059 | G69: MEM-006 | H69: =IF($G69="","",IFERROR(INDEX(MEM_Nom,MATCH($G69,MEM_ID,0)),"⚠ ID inconnu")) | I69: LIV-059 | J69: =IF($I69="","",IFERROR(INDEX(LIV_Titre,MATCH($I69,LIV_Code,0)),"⚠ Code inconnu")) | K69: =IF($F69="","",$F69+P_Duree) | L69: 46068 | M69: =IF(OR($F69="",$I69=""),"",IF($L69<>"",IF($L69>$K69,"Rendu en retard","Rendu"),IF(TODAY()>$K69,"En retard","En cours"))) | N69: =IF(OR($F69="",$I69=""),"",MAX(0,IF($L69<>"",$L69,TODAY())-$K69)) | O69: =IF(OR($F69="",$I69=""),"",$N69*P_Amende) | R69: =IF($M69="En retard",$N69+ROW()/100000,"") | S69: =IF(OR($F69="",$I69=""),"",$F69+ROW()/100000) | T69: =IF($I69="","",IFERROR(INDEX(LIV_Cat,MATCH($I69,LIV_Code,0)),""))
E70: =IF($F70="","","EMP-"&TEXT(ROW()-6,"0000")) | F70: 46062 | G70: MEM-036 | H70: =IF($G70="","",IFERROR(INDEX(MEM_Nom,MATCH($G70,MEM_ID,0)),"⚠ ID inconnu")) | I70: LIV-019 | J70: =IF($I70="","",IFERROR(INDEX(LIV_Titre,MATCH($I70,LIV_Code,0)),"⚠ Code inconnu")) | K70: =IF($F70="","",$F70+P_Duree) | L70: 46071 | M70: =IF(OR($F70="",$I70=""),"",IF($L70<>"",IF($L70>$K70,"Rendu en retard","Rendu"),IF(TODAY()>$K70,"En retard","En cours"))) | N70: =IF(OR($F70="",$I70=""),"",MAX(0,IF($L70<>"",$L70,TODAY())-$K70)) | O70: =IF(OR($F70="",$I70=""),"",$N70*P_Amende) | R70: =IF($M70="En retard",$N70+ROW()/100000,"") | S70: =IF(OR($F70="",$I70=""),"",$F70+ROW()/100000) | T70: =IF($I70="","",IFERROR(INDEX(LIV_Cat,MATCH($I70,LIV_Code,0)),""))
E71: =IF($F71="","","EMP-"&TEXT(ROW()-6,"0000")) | F71: 46062 | G71: MEM-032 | H71: =IF($G71="","",IFERROR(INDEX(MEM_Nom,MATCH($G71,MEM_ID,0)),"⚠ ID inconnu")) | I71: LIV-036 | J71: =IF($I71="","",IFERROR(INDEX(LIV_Titre,MATCH($I71,LIV_Code,0)),"⚠ Code inconnu")) | K71: =IF($F71="","",$F71+P_Duree) | L71: 46076 | M71: =IF(OR($F71="",$I71=""),"",IF($L71<>"",IF($L71>$K71,"Rendu en retard","Rendu"),IF(TODAY()>$K71,"En retard","En cours"))) | N71: =IF(OR($F71="",$I71=""),"",MAX(0,IF($L71<>"",$L71,TODAY())-$K71)) | O71: =IF(OR($F71="",$I71=""),"",$N71*P_Amende) | R71: =IF($M71="En retard",$N71+ROW()/100000,"") | S71: =IF(OR($F71="",$I71=""),"",$F71+ROW()/100000) | T71: =IF($I71="","",IFERROR(INDEX(LIV_Cat,MATCH($I71,LIV_Code,0)),""))
E72: =IF($F72="","","EMP-"&TEXT(ROW()-6,"0000")) | F72: 46069 | G72: MEM-020 | H72: =IF($G72="","",IFERROR(INDEX(MEM_Nom,MATCH($G72,MEM_ID,0)),"⚠ ID inconnu")) | I72: LIV-036 | J72: =IF($I72="","",IFERROR(INDEX(LIV_Titre,MATCH($I72,LIV_Code,0)),"⚠ Code inconnu")) | K72: =IF($F72="","",$F72+P_Duree) | L72: 46088 | M72: =IF(OR($F72="",$I72=""),"",IF($L72<>"",IF($L72>$K72,"Rendu en retard","Rendu"),IF(TODAY()>$K72,"En retard","En cours"))) | N72: =IF(OR($F72="",$I72=""),"",MAX(0,IF($L72<>"",$L72,TODAY())-$K72)) | O72: =IF(OR($F72="",$I72=""),"",$N72*P_Amende) | P72: Oui | R72: =IF($M72="En retard",$N72+ROW()/100000,"") | S72: =IF(OR($F72="",$I72=""),"",$F72+ROW()/100000) | T72: =IF($I72="","",IFERROR(INDEX(LIV_Cat,MATCH($I72,LIV_Code,0)),""))
E73: =IF($F73="","","EMP-"&TEXT(ROW()-6,"0000")) | F73: 46070 | G73: MEM-036 | H73: =IF($G73="","",IFERROR(INDEX(MEM_Nom,MATCH($G73,MEM_ID,0)),"⚠ ID inconnu")) | I73: LIV-015 | J73: =IF($I73="","",IFERROR(INDEX(LIV_Titre,MATCH($I73,LIV_Code,0)),"⚠ Code inconnu")) | K73: =IF($F73="","",$F73+P_Duree) | L73: 46084 | M73: =IF(OR($F73="",$I73=""),"",IF($L73<>"",IF($L73>$K73,"Rendu en retard","Rendu"),IF(TODAY()>$K73,"En retard","En cours"))) | N73: =IF(OR($F73="",$I73=""),"",MAX(0,IF($L73<>"",$L73,TODAY())-$K73)) | O73: =IF(OR($F73="",$I73=""),"",$N73*P_Amende) | R73: =IF($M73="En retard",$N73+ROW()/100000,"") | S73: =IF(OR($F73="",$I73=""),"",$F73+ROW()/100000) | T73: =IF($I73="","",IFERROR(INDEX(LIV_Cat,MATCH($I73,LIV_Code,0)),""))
E74: =IF($F74="","","EMP-"&TEXT(ROW()-6,"0000")) | F74: 46072 | G74: MEM-036 | H74: =IF($G74="","",IFERROR(INDEX(MEM_Nom,MATCH($G74,MEM_ID,0)),"⚠ ID inconnu")) | I74: LIV-060 | J74: =IF($I74="","",IFERROR(INDEX(LIV_Titre,MATCH($I74,LIV_Code,0)),"⚠ Code inconnu")) | K74: =IF($F74="","",$F74+P_Duree) | L74: 46084 | M74: =IF(OR($F74="",$I74=""),"",IF($L74<>"",IF($L74>$K74,"Rendu en retard","Rendu"),IF(TODAY()>$K74,"En retard","En cours"))) | N74: =IF(OR($F74="",$I74=""),"",MAX(0,IF($L74<>"",$L74,TODAY())-$K74)) | O74: =IF(OR($F74="",$I74=""),"",$N74*P_Amende) | R74: =IF($M74="En retard",$N74+ROW()/100000,"") | S74: =IF(OR($F74="",$I74=""),"",$F74+ROW()/100000) | T74: =IF($I74="","",IFERROR(INDEX(LIV_Cat,MATCH($I74,LIV_Code,0)),""))
E75: =IF($F75="","","EMP-"&TEXT(ROW()-6,"0000")) | F75: 46076 | G75: MEM-020 | H75: =IF($G75="","",IFERROR(INDEX(MEM_Nom,MATCH($G75,MEM_ID,0)),"⚠ ID inconnu")) | I75: LIV-023 | J75: =IF($I75="","",IFERROR(INDEX(LIV_Titre,MATCH($I75,LIV_Code,0)),"⚠ Code inconnu")) | K75: =IF($F75="","",$F75+P_Duree) | L75: 46086 | M75: =IF(OR($F75="",$I75=""),"",IF($L75<>"",IF($L75>$K75,"Rendu en retard","Rendu"),IF(TODAY()>$K75,"En retard","En cours"))) | N75: =IF(OR($F75="",$I75=""),"",MAX(0,IF($L75<>"",$L75,TODAY())-$K75)) | O75: =IF(OR($F75="",$I75=""),"",$N75*P_Amende) | R75: =IF($M75="En retard",$N75+ROW()/100000,"") | S75: =IF(OR($F75="",$I75=""),"",$F75+ROW()/100000) | T75: =IF($I75="","",IFERROR(INDEX(LIV_Cat,MATCH($I75,LIV_Code,0)),""))
E76: =IF($F76="","","EMP-"&TEXT(ROW()-6,"0000")) | F76: 46076 | G76: MEM-013 | H76: =IF($G76="","",IFERROR(INDEX(MEM_Nom,MATCH($G76,MEM_ID,0)),"⚠ ID inconnu")) | I76: LIV-010 | J76: =IF($I76="","",IFERROR(INDEX(LIV_Titre,MATCH($I76,LIV_Code,0)),"⚠ Code inconnu")) | K76: =IF($F76="","",$F76+P_Duree) | L76: 46088 | M76: =IF(OR($F76="",$I76=""),"",IF($L76<>"",IF($L76>$K76,"Rendu en retard","Rendu"),IF(TODAY()>$K76,"En retard","En cours"))) | N76: =IF(OR($F76="",$I76=""),"",MAX(0,IF($L76<>"",$L76,TODAY())-$K76)) | O76: =IF(OR($F76="",$I76=""),"",$N76*P_Amende) | R76: =IF($M76="En retard",$N76+ROW()/100000,"") | S76: =IF(OR($F76="",$I76=""),"",$F76+ROW()/100000) | T76: =IF($I76="","",IFERROR(INDEX(LIV_Cat,MATCH($I76,LIV_Code,0)),""))
E77: =IF($F77="","","EMP-"&TEXT(ROW()-6,"0000")) | F77: 46078 | G77: MEM-012 | H77: =IF($G77="","",IFERROR(INDEX(MEM_Nom,MATCH($G77,MEM_ID,0)),"⚠ ID inconnu")) | I77: LIV-028 | J77: =IF($I77="","",IFERROR(INDEX(LIV_Titre,MATCH($I77,LIV_Code,0)),"⚠ Code inconnu")) | K77: =IF($F77="","",$F77+P_Duree) | L77: 46087 | M77: =IF(OR($F77="",$I77=""),"",IF($L77<>"",IF($L77>$K77,"Rendu en retard","Rendu"),IF(TODAY()>$K77,"En retard","En cours"))) | N77: =IF(OR($F77="",$I77=""),"",MAX(0,IF($L77<>"",$L77,TODAY())-$K77)) | O77: =IF(OR($F77="",$I77=""),"",$N77*P_Amende) | R77: =IF($M77="En retard",$N77+ROW()/100000,"") | S77: =IF(OR($F77="",$I77=""),"",$F77+ROW()/100000) | T77: =IF($I77="","",IFERROR(INDEX(LIV_Cat,MATCH($I77,LIV_Code,0)),""))
E78: =IF($F78="","","EMP-"&TEXT(ROW()-6,"0000")) | F78: 46078 | G78: MEM-031 | H78: =IF($G78="","",IFERROR(INDEX(MEM_Nom,MATCH($G78,MEM_ID,0)),"⚠ ID inconnu")) | I78: LIV-010 | J78: =IF($I78="","",IFERROR(INDEX(LIV_Titre,MATCH($I78,LIV_Code,0)),"⚠ Code inconnu")) | K78: =IF($F78="","",$F78+P_Duree) | L78: 46088 | M78: =IF(OR($F78="",$I78=""),"",IF($L78<>"",IF($L78>$K78,"Rendu en retard","Rendu"),IF(TODAY()>$K78,"En retard","En cours"))) | N78: =IF(OR($F78="",$I78=""),"",MAX(0,IF($L78<>"",$L78,TODAY())-$K78)) | O78: =IF(OR($F78="",$I78=""),"",$N78*P_Amende) | R78: =IF($M78="En retard",$N78+ROW()/100000,"") | S78: =IF(OR($F78="",$I78=""),"",$F78+ROW()/100000) | T78: =IF($I78="","",IFERROR(INDEX(LIV_Cat,MATCH($I78,LIV_Code,0)),""))
E79: =IF($F79="","","EMP-"&TEXT(ROW()-6,"0000")) | F79: 46079 | G79: MEM-034 | H79: =IF($G79="","",IFERROR(INDEX(MEM_Nom,MATCH($G79,MEM_ID,0)),"⚠ ID inconnu")) | I79: LIV-030 | J79: =IF($I79="","",IFERROR(INDEX(LIV_Titre,MATCH($I79,LIV_Code,0)),"⚠ Code inconnu")) | K79: =IF($F79="","",$F79+P_Duree) | L79: 46095 | M79: =IF(OR($F79="",$I79=""),"",IF($L79<>"",IF($L79>$K79,"Rendu en retard","Rendu"),IF(TODAY()>$K79,"En retard","En cours"))) | N79: =IF(OR($F79="",$I79=""),"",MAX(0,IF($L79<>"",$L79,TODAY())-$K79)) | O79: =IF(OR($F79="",$I79=""),"",$N79*P_Amende) | P79: Oui | R79: =IF($M79="En retard",$N79+ROW()/100000,"") | S79: =IF(OR($F79="",$I79=""),"",$F79+ROW()/100000) | T79: =IF($I79="","",IFERROR(INDEX(LIV_Cat,MATCH($I79,LIV_Code,0)),""))
E80: =IF($F80="","","EMP-"&TEXT(ROW()-6,"0000")) | F80: 46079 | G80: MEM-007 | H80: =IF($G80="","",IFERROR(INDEX(MEM_Nom,MATCH($G80,MEM_ID,0)),"⚠ ID inconnu")) | I80: LIV-011 | J80: =IF($I80="","",IFERROR(INDEX(LIV_Titre,MATCH($I80,LIV_Code,0)),"⚠ Code inconnu")) | K80: =IF($F80="","",$F80+P_Duree) | L80: 46088 | M80: =IF(OR($F80="",$I80=""),"",IF($L80<>"",IF($L80>$K80,"Rendu en retard","Rendu"),IF(TODAY()>$K80,"En retard","En cours"))) | N80: =IF(OR($F80="",$I80=""),"",MAX(0,IF($L80<>"",$L80,TODAY())-$K80)) | O80: =IF(OR($F80="",$I80=""),"",$N80*P_Amende) | R80: =IF($M80="En retard",$N80+ROW()/100000,"") | S80: =IF(OR($F80="",$I80=""),"",$F80+ROW()/100000) | T80: =IF($I80="","",IFERROR(INDEX(LIV_Cat,MATCH($I80,LIV_Code,0)),""))
E81: =IF($F81="","","EMP-"&TEXT(ROW()-6,"0000")) | F81: 46090 | G81: MEM-018 | H81: =IF($G81="","",IFERROR(INDEX(MEM_Nom,MATCH($G81,MEM_ID,0)),"⚠ ID inconnu")) | I81: LIV-028 | J81: =IF($I81="","",IFERROR(INDEX(LIV_Titre,MATCH($I81,LIV_Code,0)),"⚠ Code inconnu")) | K81: =IF($F81="","",$F81+P_Duree) | L81: 46094 | M81: =IF(OR($F81="",$I81=""),"",IF($L81<>"",IF($L81>$K81,"Rendu en retard","Rendu"),IF(TODAY()>$K81,"En retard","En cours"))) | N81: =IF(OR($F81="",$I81=""),"",MAX(0,IF($L81<>"",$L81,TODAY())-$K81)) | O81: =IF(OR($F81="",$I81=""),"",$N81*P_Amende) | R81: =IF($M81="En retard",$N81+ROW()/100000,"") | S81: =IF(OR($F81="",$I81=""),"",$F81+ROW()/100000) | T81: =IF($I81="","",IFERROR(INDEX(LIV_Cat,MATCH($I81,LIV_Code,0)),""))
E82: =IF($F82="","","EMP-"&TEXT(ROW()-6,"0000")) | F82: 46090 | G82: MEM-036 | H82: =IF($G82="","",IFERROR(INDEX(MEM_Nom,MATCH($G82,MEM_ID,0)),"⚠ ID inconnu")) | I82: LIV-059 | J82: =IF($I82="","",IFERROR(INDEX(LIV_Titre,MATCH($I82,LIV_Code,0)),"⚠ Code inconnu")) | K82: =IF($F82="","",$F82+P_Duree) | L82: 46100 | M82: =IF(OR($F82="",$I82=""),"",IF($L82<>"",IF($L82>$K82,"Rendu en retard","Rendu"),IF(TODAY()>$K82,"En retard","En cours"))) | N82: =IF(OR($F82="",$I82=""),"",MAX(0,IF($L82<>"",$L82,TODAY())-$K82)) | O82: =IF(OR($F82="",$I82=""),"",$N82*P_Amende) | R82: =IF($M82="En retard",$N82+ROW()/100000,"") | S82: =IF(OR($F82="",$I82=""),"",$F82+ROW()/100000) | T82: =IF($I82="","",IFERROR(INDEX(LIV_Cat,MATCH($I82,LIV_Code,0)),""))
E83: =IF($F83="","","EMP-"&TEXT(ROW()-6,"0000")) | F83: 46091 | G83: MEM-032 | H83: =IF($G83="","",IFERROR(INDEX(MEM_Nom,MATCH($G83,MEM_ID,0)),"⚠ ID inconnu")) | I83: LIV-059 | J83: =IF($I83="","",IFERROR(INDEX(LIV_Titre,MATCH($I83,LIV_Code,0)),"⚠ Code inconnu")) | K83: =IF($F83="","",$F83+P_Duree) | L83: 46097 | M83: =IF(OR($F83="",$I83=""),"",IF($L83<>"",IF($L83>$K83,"Rendu en retard","Rendu"),IF(TODAY()>$K83,"En retard","En cours"))) | N83: =IF(OR($F83="",$I83=""),"",MAX(0,IF($L83<>"",$L83,TODAY())-$K83)) | O83: =IF(OR($F83="",$I83=""),"",$N83*P_Amende) | R83: =IF($M83="En retard",$N83+ROW()/100000,"") | S83: =IF(OR($F83="",$I83=""),"",$F83+ROW()/100000) | T83: =IF($I83="","",IFERROR(INDEX(LIV_Cat,MATCH($I83,LIV_Code,0)),""))
E84: =IF($F84="","","EMP-"&TEXT(ROW()-6,"0000")) | F84: 46091 | G84: MEM-037 | H84: =IF($G84="","",IFERROR(INDEX(MEM_Nom,MATCH($G84,MEM_ID,0)),"⚠ ID inconnu")) | I84: LIV-051 | J84: =IF($I84="","",IFERROR(INDEX(LIV_Titre,MATCH($I84,LIV_Code,0)),"⚠ Code inconnu")) | K84: =IF($F84="","",$F84+P_Duree) | L84: 46101 | M84: =IF(OR($F84="",$I84=""),"",IF($L84<>"",IF($L84>$K84,"Rendu en retard","Rendu"),IF(TODAY()>$K84,"En retard","En cours"))) | N84: =IF(OR($F84="",$I84=""),"",MAX(0,IF($L84<>"",$L84,TODAY())-$K84)) | O84: =IF(OR($F84="",$I84=""),"",$N84*P_Amende) | R84: =IF($M84="En retard",$N84+ROW()/100000,"") | S84: =IF(OR($F84="",$I84=""),"",$F84+ROW()/100000) | T84: =IF($I84="","",IFERROR(INDEX(LIV_Cat,MATCH($I84,LIV_Code,0)),""))
E85: =IF($F85="","","EMP-"&TEXT(ROW()-6,"0000")) | F85: 46092 | G85: MEM-022 | H85: =IF($G85="","",IFERROR(INDEX(MEM_Nom,MATCH($G85,MEM_ID,0)),"⚠ ID inconnu")) | I85: LIV-023 | J85: =IF($I85="","",IFERROR(INDEX(LIV_Titre,MATCH($I85,LIV_Code,0)),"⚠ Code inconnu")) | K85: =IF($F85="","",$F85+P_Duree) | L85: 46099 | M85: =IF(OR($F85="",$I85=""),"",IF($L85<>"",IF($L85>$K85,"Rendu en retard","Rendu"),IF(TODAY()>$K85,"En retard","En cours"))) | N85: =IF(OR($F85="",$I85=""),"",MAX(0,IF($L85<>"",$L85,TODAY())-$K85)) | O85: =IF(OR($F85="",$I85=""),"",$N85*P_Amende) | R85: =IF($M85="En retard",$N85+ROW()/100000,"") | S85: =IF(OR($F85="",$I85=""),"",$F85+ROW()/100000) | T85: =IF($I85="","",IFERROR(INDEX(LIV_Cat,MATCH($I85,LIV_Code,0)),""))
E86: =IF($F86="","","EMP-"&TEXT(ROW()-6,"0000")) | F86: 46097 | G86: MEM-005 | H86: =IF($G86="","",IFERROR(INDEX(MEM_Nom,MATCH($G86,MEM_ID,0)),"⚠ ID inconnu")) | I86: LIV-004 | J86: =IF($I86="","",IFERROR(INDEX(LIV_Titre,MATCH($I86,LIV_Code,0)),"⚠ Code inconnu")) | K86: =IF($F86="","",$F86+P_Duree) | L86: 46110 | M86: =IF(OR($F86="",$I86=""),"",IF($L86<>"",IF($L86>$K86,"Rendu en retard","Rendu"),IF(TODAY()>$K86,"En retard","En cours"))) | N86: =IF(OR($F86="",$I86=""),"",MAX(0,IF($L86<>"",$L86,TODAY())-$K86)) | O86: =IF(OR($F86="",$I86=""),"",$N86*P_Amende) | R86: =IF($M86="En retard",$N86+ROW()/100000,"") | S86: =IF(OR($F86="",$I86=""),"",$F86+ROW()/100000) | T86: =IF($I86="","",IFERROR(INDEX(LIV_Cat,MATCH($I86,LIV_Code,0)),""))
E87: =IF($F87="","","EMP-"&TEXT(ROW()-6,"0000")) | F87: 46098 | G87: MEM-004 | H87: =IF($G87="","",IFERROR(INDEX(MEM_Nom,MATCH($G87,MEM_ID,0)),"⚠ ID inconnu")) | I87: LIV-002 | J87: =IF($I87="","",IFERROR(INDEX(LIV_Titre,MATCH($I87,LIV_Code,0)),"⚠ Code inconnu")) | K87: =IF($F87="","",$F87+P_Duree) | L87: 46105 | M87: =IF(OR($F87="",$I87=""),"",IF($L87<>"",IF($L87>$K87,"Rendu en retard","Rendu"),IF(TODAY()>$K87,"En retard","En cours"))) | N87: =IF(OR($F87="",$I87=""),"",MAX(0,IF($L87<>"",$L87,TODAY())-$K87)) | O87: =IF(OR($F87="",$I87=""),"",$N87*P_Amende) | R87: =IF($M87="En retard",$N87+ROW()/100000,"") | S87: =IF(OR($F87="",$I87=""),"",$F87+ROW()/100000) | T87: =IF($I87="","",IFERROR(INDEX(LIV_Cat,MATCH($I87,LIV_Code,0)),""))
E88: =IF($F88="","","EMP-"&TEXT(ROW()-6,"0000")) | F88: 46100 | G88: MEM-006 | H88: =IF($G88="","",IFERROR(INDEX(MEM_Nom,MATCH($G88,MEM_ID,0)),"⚠ ID inconnu")) | I88: LIV-059 | J88: =IF($I88="","",IFERROR(INDEX(LIV_Titre,MATCH($I88,LIV_Code,0)),"⚠ Code inconnu")) | K88: =IF($F88="","",$F88+P_Duree) | L88: 46109 | M88: =IF(OR($F88="",$I88=""),"",IF($L88<>"",IF($L88>$K88,"Rendu en retard","Rendu"),IF(TODAY()>$K88,"En retard","En cours"))) | N88: =IF(OR($F88="",$I88=""),"",MAX(0,IF($L88<>"",$L88,TODAY())-$K88)) | O88: =IF(OR($F88="",$I88=""),"",$N88*P_Amende) | R88: =IF($M88="En retard",$N88+ROW()/100000,"") | S88: =IF(OR($F88="",$I88=""),"",$F88+ROW()/100000) | T88: =IF($I88="","",IFERROR(INDEX(LIV_Cat,MATCH($I88,LIV_Code,0)),""))
E89: =IF($F89="","","EMP-"&TEXT(ROW()-6,"0000")) | F89: 46104 | G89: MEM-039 | H89: =IF($G89="","",IFERROR(INDEX(MEM_Nom,MATCH($G89,MEM_ID,0)),"⚠ ID inconnu")) | I89: LIV-044 | J89: =IF($I89="","",IFERROR(INDEX(LIV_Titre,MATCH($I89,LIV_Code,0)),"⚠ Code inconnu")) | K89: =IF($F89="","",$F89+P_Duree) | L89: 46120 | M89: =IF(OR($F89="",$I89=""),"",IF($L89<>"",IF($L89>$K89,"Rendu en retard","Rendu"),IF(TODAY()>$K89,"En retard","En cours"))) | N89: =IF(OR($F89="",$I89=""),"",MAX(0,IF($L89<>"",$L89,TODAY())-$K89)) | O89: =IF(OR($F89="",$I89=""),"",$N89*P_Amende) | P89: Oui | R89: =IF($M89="En retard",$N89+ROW()/100000,"") | S89: =IF(OR($F89="",$I89=""),"",$F89+ROW()/100000) | T89: =IF($I89="","",IFERROR(INDEX(LIV_Cat,MATCH($I89,LIV_Code,0)),""))
E90: =IF($F90="","","EMP-"&TEXT(ROW()-6,"0000")) | F90: 46105 | G90: MEM-034 | H90: =IF($G90="","",IFERROR(INDEX(MEM_Nom,MATCH($G90,MEM_ID,0)),"⚠ ID inconnu")) | I90: LIV-010 | J90: =IF($I90="","",IFERROR(INDEX(LIV_Titre,MATCH($I90,LIV_Code,0)),"⚠ Code inconnu")) | K90: =IF($F90="","",$F90+P_Duree) | L90: 46118 | M90: =IF(OR($F90="",$I90=""),"",IF($L90<>"",IF($L90>$K90,"Rendu en retard","Rendu"),IF(TODAY()>$K90,"En retard","En cours"))) | N90: =IF(OR($F90="",$I90=""),"",MAX(0,IF($L90<>"",$L90,TODAY())-$K90)) | O90: =IF(OR($F90="",$I90=""),"",$N90*P_Amende) | R90: =IF($M90="En retard",$N90+ROW()/100000,"") | S90: =IF(OR($F90="",$I90=""),"",$F90+ROW()/100000) | T90: =IF($I90="","",IFERROR(INDEX(LIV_Cat,MATCH($I90,LIV_Code,0)),""))
E91: =IF($F91="","","EMP-"&TEXT(ROW()-6,"0000")) | F91: 46106 | G91: MEM-020 | H91: =IF($G91="","",IFERROR(INDEX(MEM_Nom,MATCH($G91,MEM_ID,0)),"⚠ ID inconnu")) | I91: LIV-055 | J91: =IF($I91="","",IFERROR(INDEX(LIV_Titre,MATCH($I91,LIV_Code,0)),"⚠ Code inconnu")) | K91: =IF($F91="","",$F91+P_Duree) | L91: 46122 | M91: =IF(OR($F91="",$I91=""),"",IF($L91<>"",IF($L91>$K91,"Rendu en retard","Rendu"),IF(TODAY()>$K91,"En retard","En cours"))) | N91: =IF(OR($F91="",$I91=""),"",MAX(0,IF($L91<>"",$L91,TODAY())-$K91)) | O91: =IF(OR($F91="",$I91=""),"",$N91*P_Amende) | P91: Oui | R91: =IF($M91="En retard",$N91+ROW()/100000,"") | S91: =IF(OR($F91="",$I91=""),"",$F91+ROW()/100000) | T91: =IF($I91="","",IFERROR(INDEX(LIV_Cat,MATCH($I91,LIV_Code,0)),""))
E92: =IF($F92="","","EMP-"&TEXT(ROW()-6,"0000")) | F92: 46107 | G92: MEM-040 | H92: =IF($G92="","",IFERROR(INDEX(MEM_Nom,MATCH($G92,MEM_ID,0)),"⚠ ID inconnu")) | I92: LIV-012 | J92: =IF($I92="","",IFERROR(INDEX(LIV_Titre,MATCH($I92,LIV_Code,0)),"⚠ Code inconnu")) | K92: =IF($F92="","",$F92+P_Duree) | L92: 46111 | M92: =IF(OR($F92="",$I92=""),"",IF($L92<>"",IF($L92>$K92,"Rendu en retard","Rendu"),IF(TODAY()>$K92,"En retard","En cours"))) | N92: =IF(OR($F92="",$I92=""),"",MAX(0,IF($L92<>"",$L92,TODAY())-$K92)) | O92: =IF(OR($F92="",$I92=""),"",$N92*P_Amende) | R92: =IF($M92="En retard",$N92+ROW()/100000,"") | S92: =IF(OR($F92="",$I92=""),"",$F92+ROW()/100000) | T92: =IF($I92="","",IFERROR(INDEX(LIV_Cat,MATCH($I92,LIV_Code,0)),""))
E93: =IF($F93="","","EMP-"&TEXT(ROW()-6,"0000")) | F93: 46108 | G93: MEM-007 | H93: =IF($G93="","",IFERROR(INDEX(MEM_Nom,MATCH($G93,MEM_ID,0)),"⚠ ID inconnu")) | I93: LIV-059 | J93: =IF($I93="","",IFERROR(INDEX(LIV_Titre,MATCH($I93,LIV_Code,0)),"⚠ Code inconnu")) | K93: =IF($F93="","",$F93+P_Duree) | L93: 46117 | M93: =IF(OR($F93="",$I93=""),"",IF($L93<>"",IF($L93>$K93,"Rendu en retard","Rendu"),IF(TODAY()>$K93,"En retard","En cours"))) | N93: =IF(OR($F93="",$I93=""),"",MAX(0,IF($L93<>"",$L93,TODAY())-$K93)) | O93: =IF(OR($F93="",$I93=""),"",$N93*P_Amende) | R93: =IF($M93="En retard",$N93+ROW()/100000,"") | S93: =IF(OR($F93="",$I93=""),"",$F93+ROW()/100000) | T93: =IF($I93="","",IFERROR(INDEX(LIV_Cat,MATCH($I93,LIV_Code,0)),""))
E94: =IF($F94="","","EMP-"&TEXT(ROW()-6,"0000")) | F94: 46111 | G94: MEM-006 | H94: =IF($G94="","",IFERROR(INDEX(MEM_Nom,MATCH($G94,MEM_ID,0)),"⚠ ID inconnu")) | I94: LIV-010 | J94: =IF($I94="","",IFERROR(INDEX(LIV_Titre,MATCH($I94,LIV_Code,0)),"⚠ Code inconnu")) | K94: =IF($F94="","",$F94+P_Duree) | L94: 46118 | M94: =IF(OR($F94="",$I94=""),"",IF($L94<>"",IF($L94>$K94,"Rendu en retard","Rendu"),IF(TODAY()>$K94,"En retard","En cours"))) | N94: =IF(OR($F94="",$I94=""),"",MAX(0,IF($L94<>"",$L94,TODAY())-$K94)) | O94: =IF(OR($F94="",$I94=""),"",$N94*P_Amende) | R94: =IF($M94="En retard",$N94+ROW()/100000,"") | S94: =IF(OR($F94="",$I94=""),"",$F94+ROW()/100000) | T94: =IF($I94="","",IFERROR(INDEX(LIV_Cat,MATCH($I94,LIV_Code,0)),""))
E95: =IF($F95="","","EMP-"&TEXT(ROW()-6,"0000")) | F95: 46111 | G95: MEM-036 | H95: =IF($G95="","",IFERROR(INDEX(MEM_Nom,MATCH($G95,MEM_ID,0)),"⚠ ID inconnu")) | I95: LIV-010 | J95: =IF($I95="","",IFERROR(INDEX(LIV_Titre,MATCH($I95,LIV_Code,0)),"⚠ Code inconnu")) | K95: =IF($F95="","",$F95+P_Duree) | L95: 46117 | M95: =IF(OR($F95="",$I95=""),"",IF($L95<>"",IF($L95>$K95,"Rendu en retard","Rendu"),IF(TODAY()>$K95,"En retard","En cours"))) | N95: =IF(OR($F95="",$I95=""),"",MAX(0,IF($L95<>"",$L95,TODAY())-$K95)) | O95: =IF(OR($F95="",$I95=""),"",$N95*P_Amende) | R95: =IF($M95="En retard",$N95+ROW()/100000,"") | S95: =IF(OR($F95="",$I95=""),"",$F95+ROW()/100000) | T95: =IF($I95="","",IFERROR(INDEX(LIV_Cat,MATCH($I95,LIV_Code,0)),""))
E96: =IF($F96="","","EMP-"&TEXT(ROW()-6,"0000")) | F96: 46114 | G96: MEM-039 | H96: =IF($G96="","",IFERROR(INDEX(MEM_Nom,MATCH($G96,MEM_ID,0)),"⚠ ID inconnu")) | I96: LIV-023 | J96: =IF($I96="","",IFERROR(INDEX(LIV_Titre,MATCH($I96,LIV_Code,0)),"⚠ Code inconnu")) | K96: =IF($F96="","",$F96+P_Duree) | L96: 46128 | M96: =IF(OR($F96="",$I96=""),"",IF($L96<>"",IF($L96>$K96,"Rendu en retard","Rendu"),IF(TODAY()>$K96,"En retard","En cours"))) | N96: =IF(OR($F96="",$I96=""),"",MAX(0,IF($L96<>"",$L96,TODAY())-$K96)) | O96: =IF(OR($F96="",$I96=""),"",$N96*P_Amende) | R96: =IF($M96="En retard",$N96+ROW()/100000,"") | S96: =IF(OR($F96="",$I96=""),"",$F96+ROW()/100000) | T96: =IF($I96="","",IFERROR(INDEX(LIV_Cat,MATCH($I96,LIV_Code,0)),""))
E97: =IF($F97="","","EMP-"&TEXT(ROW()-6,"0000")) | F97: 46121 | G97: MEM-030 | H97: =IF($G97="","",IFERROR(INDEX(MEM_Nom,MATCH($G97,MEM_ID,0)),"⚠ ID inconnu")) | I97: LIV-011 | J97: =IF($I97="","",IFERROR(INDEX(LIV_Titre,MATCH($I97,LIV_Code,0)),"⚠ Code inconnu")) | K97: =IF($F97="","",$F97+P_Duree) | L97: 46127 | M97: =IF(OR($F97="",$I97=""),"",IF($L97<>"",IF($L97>$K97,"Rendu en retard","Rendu"),IF(TODAY()>$K97,"En retard","En cours"))) | N97: =IF(OR($F97="",$I97=""),"",MAX(0,IF($L97<>"",$L97,TODAY())-$K97)) | O97: =IF(OR($F97="",$I97=""),"",$N97*P_Amende) | R97: =IF($M97="En retard",$N97+ROW()/100000,"") | S97: =IF(OR($F97="",$I97=""),"",$F97+ROW()/100000) | T97: =IF($I97="","",IFERROR(INDEX(LIV_Cat,MATCH($I97,LIV_Code,0)),""))
E98: =IF($F98="","","EMP-"&TEXT(ROW()-6,"0000")) | F98: 46121 | G98: MEM-017 | H98: =IF($G98="","",IFERROR(INDEX(MEM_Nom,MATCH($G98,MEM_ID,0)),"⚠ ID inconnu")) | I98: LIV-036 | J98: =IF($I98="","",IFERROR(INDEX(LIV_Titre,MATCH($I98,LIV_Code,0)),"⚠ Code inconnu")) | K98: =IF($F98="","",$F98+P_Duree) | L98: 46140 | M98: =IF(OR($F98="",$I98=""),"",IF($L98<>"",IF($L98>$K98,"Rendu en retard","Rendu"),IF(TODAY()>$K98,"En retard","En cours"))) | N98: =IF(OR($F98="",$I98=""),"",MAX(0,IF($L98<>"",$L98,TODAY())-$K98)) | O98: =IF(OR($F98="",$I98=""),"",$N98*P_Amende) | P98: Oui | R98: =IF($M98="En retard",$N98+ROW()/100000,"") | S98: =IF(OR($F98="",$I98=""),"",$F98+ROW()/100000) | T98: =IF($I98="","",IFERROR(INDEX(LIV_Cat,MATCH($I98,LIV_Code,0)),""))
E99: =IF($F99="","","EMP-"&TEXT(ROW()-6,"0000")) | F99: 46122 | G99: MEM-013 | H99: =IF($G99="","",IFERROR(INDEX(MEM_Nom,MATCH($G99,MEM_ID,0)),"⚠ ID inconnu")) | I99: LIV-035 | J99: =IF($I99="","",IFERROR(INDEX(LIV_Titre,MATCH($I99,LIV_Code,0)),"⚠ Code inconnu")) | K99: =IF($F99="","",$F99+P_Duree) | L99: 46135 | M99: =IF(OR($F99="",$I99=""),"",IF($L99<>"",IF($L99>$K99,"Rendu en retard","Rendu"),IF(TODAY()>$K99,"En retard","En cours"))) | N99: =IF(OR($F99="",$I99=""),"",MAX(0,IF($L99<>"",$L99,TODAY())-$K99)) | O99: =IF(OR($F99="",$I99=""),"",$N99*P_Amende) | R99: =IF($M99="En retard",$N99+ROW()/100000,"") | S99: =IF(OR($F99="",$I99=""),"",$F99+ROW()/100000) | T99: =IF($I99="","",IFERROR(INDEX(LIV_Cat,MATCH($I99,LIV_Code,0)),""))
E100: =IF($F100="","","EMP-"&TEXT(ROW()-6,"0000")) | F100: 46126 | G100: MEM-010 | H100: =IF($G100="","",IFERROR(INDEX(MEM_Nom,MATCH($G100,MEM_ID,0)),"⚠ ID inconnu")) | I100: LIV-010 | J100: =IF($I100="","",IFERROR(INDEX(LIV_Titre,MATCH($I100,LIV_Code,0)),"⚠ Code inconnu")) | K100: =IF($F100="","",$F100+P_Duree) | L100: 46136 | M100: =IF(OR($F100="",$I100=""),"",IF($L100<>"",IF($L100>$K100,"Rendu en retard","Rendu"),IF(TODAY()>$K100,"En retard","En cours"))) | N100: =IF(OR($F100="",$I100=""),"",MAX(0,IF($L100<>"",$L100,TODAY())-$K100)) | O100: =IF(OR($F100="",$I100=""),"",$N100*P_Amende) | R100: =IF($M100="En retard",$N100+ROW()/100000,"") | S100: =IF(OR($F100="",$I100=""),"",$F100+ROW()/100000) | T100: =IF($I100="","",IFERROR(INDEX(LIV_Cat,MATCH($I100,LIV_Code,0)),""))
E101: =IF($F101="","","EMP-"&TEXT(ROW()-6,"0000")) | F101: 46134 | G101: MEM-037 | H101: =IF($G101="","",IFERROR(INDEX(MEM_Nom,MATCH($G101,MEM_ID,0)),"⚠ ID inconnu")) | I101: LIV-042 | J101: =IF($I101="","",IFERROR(INDEX(LIV_Titre,MATCH($I101,LIV_Code,0)),"⚠ Code inconnu")) | K101: =IF($F101="","",$F101+P_Duree) | L101: 46144 | M101: =IF(OR($F101="",$I101=""),"",IF($L101<>"",IF($L101>$K101,"Rendu en retard","Rendu"),IF(TODAY()>$K101,"En retard","En cours"))) | N101: =IF(OR($F101="",$I101=""),"",MAX(0,IF($L101<>"",$L101,TODAY())-$K101)) | O101: =IF(OR($F101="",$I101=""),"",$N101*P_Amende) | R101: =IF($M101="En retard",$N101+ROW()/100000,"") | S101: =IF(OR($F101="",$I101=""),"",$F101+ROW()/100000) | T101: =IF($I101="","",IFERROR(INDEX(LIV_Cat,MATCH($I101,LIV_Code,0)),""))
E102: =IF($F102="","","EMP-"&TEXT(ROW()-6,"0000")) | F102: 46135 | G102: MEM-020 | H102: =IF($G102="","",IFERROR(INDEX(MEM_Nom,MATCH($G102,MEM_ID,0)),"⚠ ID inconnu")) | I102: LIV-004 | J102: =IF($I102="","",IFERROR(INDEX(LIV_Titre,MATCH($I102,LIV_Code,0)),"⚠ Code inconnu")) | K102: =IF($F102="","",$F102+P_Duree) | L102: 46158 | M102: =IF(OR($F102="",$I102=""),"",IF($L102<>"",IF($L102>$K102,"Rendu en retard","Rendu"),IF(TODAY()>$K102,"En retard","En cours"))) | N102: =IF(OR($F102="",$I102=""),"",MAX(0,IF($L102<>"",$L102,TODAY())-$K102)) | O102: =IF(OR($F102="",$I102=""),"",$N102*P_Amende) | P102: Non | R102: =IF($M102="En retard",$N102+ROW()/100000,"") | S102: =IF(OR($F102="",$I102=""),"",$F102+ROW()/100000) | T102: =IF($I102="","",IFERROR(INDEX(LIV_Cat,MATCH($I102,LIV_Code,0)),""))
...

Sheet Fournitures
E2: 📦 Fournitures & stocks | N2: =HYPERLINK("#'Tableau de bord'!A1","⌂ Tableau de bord") | P2: =HYPERLINK("#'Fournitures'!E"&(7+COUNTIF(FOU_Code,"?*")),"＋ Nouvel article")
E3: Le stock actuel = stock initial + entrées − sorties (voir la feuille Mouvements).
E4: =COUNTIF(FOU_Code,"?*")&" articles" | G4: =COUNTIF(FOU_Statut,"En stock")&" en stock" | I4: =COUNTIF(FOU_Statut,"Stock faible")&" stock faible" | K4: =COUNTIF(FOU_Statut,"Rupture")&" en rupture"
E6: Code | F6: Article | G6: Catégorie | H6: Unité | I6: Stock initial | J6: Seuil minimum | K6: Prix unitaire | L6: Fournisseur | M6: Entrées | N6: Sorties | O6: Stock actuel | P6: Valeur du stock | Q6: Statut
E7: FOU-001 | F7: Rame de papier A4 | G7: Papeterie | H7: Rame | I7: 40 | J7: 10 | K7: 15000 | L7: Librairie Le Phare | M7: =IF($E7="","",SUMIFS(MOV_Qte,MOV_Code,$E7,MOV_Type,"Entrée")) | N7: =IF($E7="","",SUMIFS(MOV_Qte,MOV_Code,$E7,MOV_Type,"Sortie")) | O7: =IF($E7="","",$I7+$M7-$N7) | P7: =IF($E7="","",$O7*$K7) | Q7: =IF($E7="","",IF($O7<=0,"Rupture",IF($O7<=$J7,"Stock faible","En stock"))) | S7: =IF(OR($E7="",$Q7="En stock"),"",$O7/MAX($J7,1)+ROW()/100000)
B8: =HYPERLINK("#'Tableau de bord'!A1","▦ Tableau de bord") | E8: FOU-002 | F8: Cahier 48 pages | G8: Papeterie | H8: Paquet | I8: 30 | J8: 8 | K8: 12000 | L8: Librairie Le Phare | M8: =IF($E8="","",SUMIFS(MOV_Qte,MOV_Code,$E8,MOV_Type,"Entrée")) | N8: =IF($E8="","",SUMIFS(MOV_Qte,MOV_Code,$E8,MOV_Type,"Sortie")) | O8: =IF($E8="","",$I8+$M8-$N8) | P8: =IF($E8="","",$O8*$K8) | Q8: =IF($E8="","",IF($O8<=0,"Rupture",IF($O8<=$J8,"Stock faible","En stock"))) | S8: =IF(OR($E8="",$Q8="En stock"),"",$O8/MAX($J8,1)+ROW()/100000)
B9: =HYPERLINK("#'Livres'!A1","📚 Livres") | E9: FOU-003 | F9: Cahier 96 pages | G9: Papeterie | H9: Paquet | I9: 25 | J9: 8 | K9: 18000 | L9: Librairie Le Phare | M9: =IF($E9="","",SUMIFS(MOV_Qte,MOV_Code,$E9,MOV_Type,"Entrée")) | N9: =IF($E9="","",SUMIFS(MOV_Qte,MOV_Code,$E9,MOV_Type,"Sortie")) | O9: =IF($E9="","",$I9+$M9-$N9) | P9: =IF($E9="","",$O9*$K9) | Q9: =IF($E9="","",IF($O9<=0,"Rupture",IF($O9<=$J9,"Stock faible","En stock"))) | S9: =IF(OR($E9="",$Q9="En stock"),"",$O9/MAX($J9,1)+ROW()/100000)
B10: =HYPERLINK("#'Membres'!A1","👥 Membres") | E10: FOU-004 | F10: Chemise cartonnée | G10: Papeterie | H10: Paquet | I10: 15 | J10: 5 | K10: 9000 | L10: Papeterie Kivu | M10: =IF($E10="","",SUMIFS(MOV_Qte,MOV_Code,$E10,MOV_Type,"Entrée")) | N10: =IF($E10="","",SUMIFS(MOV_Qte,MOV_Code,$E10,MOV_Type,"Sortie")) | O10: =IF($E10="","",$I10+$M10-$N10) | P10: =IF($E10="","",$O10*$K10) | Q10: =IF($E10="","",IF($O10<=0,"Rupture",IF($O10<=$J10,"Stock faible","En stock"))) | S10: =IF(OR($E10="",$Q10="En stock"),"",$O10/MAX($J10,1)+ROW()/100000)
B11: =HYPERLINK("#'Emprunts'!A1","🔄 Emprunts") | E11: FOU-005 | F11: Classeur à levier | G11: Papeterie | H11: Pièce | I11: 30 | J11: 10 | K11: 6500 | L11: Papeterie Kivu | M11: =IF($E11="","",SUMIFS(MOV_Qte,MOV_Code,$E11,MOV_Type,"Entrée")) | N11: =IF($E11="","",SUMIFS(MOV_Qte,MOV_Code,$E11,MOV_Type,"Sortie")) | O11: =IF($E11="","",$I11+$M11-$N11) | P11: =IF($E11="","",$O11*$K11) | Q11: =IF($E11="","",IF($O11<=0,"Rupture",IF($O11<=$J11,"Stock faible","En stock"))) | S11: =IF(OR($E11="",$Q11="En stock"),"",$O11/MAX($J11,1)+ROW()/100000)
B12: =HYPERLINK("#'Fournitures'!A1","📦 Fournitures") | E12: FOU-006 | F12: Craie blanche | G12: Matériel didactique | H12: Boîte | I12: 60 | J12: 20 | K12: 4000 | L12: Papeterie Kivu | M12: =IF($E12="","",SUMIFS(MOV_Qte,MOV_Code,$E12,MOV_Type,"Entrée")) | N12: =IF($E12="","",SUMIFS(MOV_Qte,MOV_Code,$E12,MOV_Type,"Sortie")) | O12: =IF($E12="","",$I12+$M12-$N12) | P12: =IF($E12="","",$O12*$K12) | Q12: =IF($E12="","",IF($O12<=0,"Rupture",IF($O12<=$J12,"Stock faible","En stock"))) | S12: =IF(OR($E12="",$Q12="En stock"),"",$O12/MAX($J12,1)+ROW()/100000)
B13: =HYPERLINK("#'Mouvements'!A1","↕ Mouvements de stock") | E13: FOU-007 | F13: Craie de couleur | G13: Matériel didactique | H13: Boîte | I13: 20 | J13: 8 | K13: 6000 | L13: Papeterie Kivu | M13: =IF($E13="","",SUMIFS(MOV_Qte,MOV_Code,$E13,MOV_Type,"Entrée")) | N13: =IF($E13="","",SUMIFS(MOV_Qte,MOV_Code,$E13,MOV_Type,"Sortie")) | O13: =IF($E13="","",$I13+$M13-$N13) | P13: =IF($E13="","",$O13*$K13) | Q13: =IF($E13="","",IF($O13<=0,"Rupture",IF($O13<=$J13,"Stock faible","En stock"))) | S13: =IF(OR($E13="",$Q13="En stock"),"",$O13/MAX($J13,1)+ROW()/100000)
B14: =HYPERLINK("#'Recherche'!A1","🔍 Recherche") | E14: FOU-008 | F14: Marqueur tableau blanc | G14: Écriture | H14: Boîte | I14: 18 | J14: 6 | K14: 22000 | L14: Librairie Le Phare | M14: =IF($E14="","",SUMIFS(MOV_Qte,MOV_Code,$E14,MOV_Type,"Entrée")) | N14: =IF($E14="","",SUMIFS(MOV_Qte,MOV_Code,$E14,MOV_Type,"Sortie")) | O14: =IF($E14="","",$I14+$M14-$N14) | P14: =IF($E14="","",$O14*$K14) | Q14: =IF($E14="","",IF($O14<=0,"Rupture",IF($O14<=$J14,"Stock faible","En stock"))) | S14: =IF(OR($E14="",$Q14="En stock"),"",$O14/MAX($J14,1)+ROW()/100000)
B15: =HYPERLINK("#'Rapport mensuel'!A1","🖨 Rapport mensuel") | E15: FOU-009 | F15: Stylo à bille bleu | G15: Écriture | H15: Boîte | I15: 25 | J15: 6 | K15: 8000 | L15: Librairie Le Phare | M15: =IF($E15="","",SUMIFS(MOV_Qte,MOV_Code,$E15,MOV_Type,"Entrée")) | N15: =IF($E15="","",SUMIFS(MOV_Qte,MOV_Code,$E15,MOV_Type,"Sortie")) | O15: =IF($E15="","",$I15+$M15-$N15) | P15: =IF($E15="","",$O15*$K15) | Q15: =IF($E15="","",IF($O15<=0,"Rupture",IF($O15<=$J15,"Stock faible","En stock"))) | S15: =IF(OR($E15="",$Q15="En stock"),"",$O15/MAX($J15,1)+ROW()/100000)
B16: =HYPERLINK("#'Paramètres'!A1","⚙ Paramètres") | E16: FOU-010 | F16: Crayon HB | G16: Écriture | H16: Boîte | I16: 20 | J16: 5 | K16: 5000 | L16: Papeterie Kivu | M16: =IF($E16="","",SUMIFS(MOV_Qte,MOV_Code,$E16,MOV_Type,"Entrée")) | N16: =IF($E16="","",SUMIFS(MOV_Qte,MOV_Code,$E16,MOV_Type,"Sortie")) | O16: =IF($E16="","",$I16+$M16-$N16) | P16: =IF($E16="","",$O16*$K16) | Q16: =IF($E16="","",IF($O16<=0,"Rupture",IF($O16<=$J16,"Stock faible","En stock"))) | S16: =IF(OR($E16="",$Q16="En stock"),"",$O16/MAX($J16,1)+ROW()/100000)
E17: FOU-011 | F17: Gomme | G17: Écriture | H17: Boîte | I17: 12 | J17: 4 | K17: 4500 | L17: Papeterie Kivu | M17: =IF($E17="","",SUMIFS(MOV_Qte,MOV_Code,$E17,MOV_Type,"Entrée")) | N17: =IF($E17="","",SUMIFS(MOV_Qte,MOV_Code,$E17,MOV_Type,"Sortie")) | O17: =IF($E17="","",$I17+$M17-$N17) | P17: =IF($E17="","",$O17*$K17) | Q17: =IF($E17="","",IF($O17<=0,"Rupture",IF($O17<=$J17,"Stock faible","En stock"))) | S17: =IF(OR($E17="",$Q17="En stock"),"",$O17/MAX($J17,1)+ROW()/100000)
E18: FOU-012 | F18: Règle 30 cm | G18: Matériel didactique | H18: Pièce | I18: 50 | J18: 15 | K18: 1500 | L18: Papeterie Kivu | M18: =IF($E18="","",SUMIFS(MOV_Qte,MOV_Code,$E18,MOV_Type,"Entrée")) | N18: =IF($E18="","",SUMIFS(MOV_Qte,MOV_Code,$E18,MOV_Type,"Sortie")) | O18: =IF($E18="","",$I18+$M18-$N18) | P18: =IF($E18="","",$O18*$K18) | Q18: =IF($E18="","",IF($O18<=0,"Rupture",IF($O18<=$J18,"Stock faible","En stock"))) | S18: =IF(OR($E18="",$Q18="En stock"),"",$O18/MAX($J18,1)+ROW()/100000)
E19: FOU-013 | F19: Agrafes 24/6 | G19: Papeterie | H19: Boîte | I19: 20 | J19: 5 | K19: 2500 | L19: Papeterie Kivu | M19: =IF($E19="","",SUMIFS(MOV_Qte,MOV_Code,$E19,MOV_Type,"Entrée")) | N19: =IF($E19="","",SUMIFS(MOV_Qte,MOV_Code,$E19,MOV_Type,"Sortie")) | O19: =IF($E19="","",$I19+$M19-$N19) | P19: =IF($E19="","",$O19*$K19) | Q19: =IF($E19="","",IF($O19<=0,"Rupture",IF($O19<=$J19,"Stock faible","En stock"))) | S19: =IF(OR($E19="",$Q19="En stock"),"",$O19/MAX($J19,1)+ROW()/100000)
E20: FOU-014 | F20: Colle bâton | G20: Papeterie | H20: Pièce | I20: 40 | J20: 10 | K20: 2000 | L20: Papeterie Kivu | M20: =IF($E20="","",SUMIFS(MOV_Qte,MOV_Code,$E20,MOV_Type,"Entrée")) | N20: =IF($E20="","",SUMIFS(MOV_Qte,MOV_Code,$E20,MOV_Type,"Sortie")) | O20: =IF($E20="","",$I20+$M20-$N20) | P20: =IF($E20="","",$O20*$K20) | Q20: =IF($E20="","",IF($O20<=0,"Rupture",IF($O20<=$J20,"Stock faible","En stock"))) | S20: =IF(OR($E20="",$Q20="En stock"),"",$O20/MAX($J20,1)+ROW()/100000)
E21: FOU-015 | F21: Cartouche d'encre HP | G21: Informatique | H21: Pièce | I21: 8 | J21: 3 | K21: 65000 | L21: Goma Informatique | M21: =IF($E21="","",SUMIFS(MOV_Qte,MOV_Code,$E21,MOV_Type,"Entrée")) | N21: =IF($E21="","",SUMIFS(MOV_Qte,MOV_Code,$E21,MOV_Type,"Sortie")) | O21: =IF($E21="","",$I21+$M21-$N21) | P21: =IF($E21="","",$O21*$K21) | Q21: =IF($E21="","",IF($O21<=0,"Rupture",IF($O21<=$J21,"Stock faible","En stock"))) | S21: =IF(OR($E21="",$Q21="En stock"),"",$O21/MAX($J21,1)+ROW()/100000)
E22: FOU-016 | F22: Clé USB 32 Go | G22: Informatique | H22: Pièce | I22: 10 | J22: 3 | K22: 25000 | L22: Goma Informatique | M22: =IF($E22="","",SUMIFS(MOV_Qte,MOV_Code,$E22,MOV_Type,"Entrée")) | N22: =IF($E22="","",SUMIFS(MOV_Qte,MOV_Code,$E22,MOV_Type,"Sortie")) | O22: =IF($E22="","",$I22+$M22-$N22) | P22: =IF($E22="","",$O22*$K22) | Q22: =IF($E22="","",IF($O22<=0,"Rupture",IF($O22<=$J22,"Stock faible","En stock"))) | S22: =IF(OR($E22="",$Q22="En stock"),"",$O22/MAX($J22,1)+ROW()/100000)
E23: FOU-017 | F23: Savon liquide | G23: Entretien | H23: Flacon | I23: 24 | J23: 8 | K23: 7000 | L23: Supermarché Kivu | M23: =IF($E23="","",SUMIFS(MOV_Qte,MOV_Code,$E23,MOV_Type,"Entrée")) | N23: =IF($E23="","",SUMIFS(MOV_Qte,MOV_Code,$E23,MOV_Type,"Sortie")) | O23: =IF($E23="","",$I23+$M23-$N23) | P23: =IF($E23="","",$O23*$K23) | Q23: =IF($E23="","",IF($O23<=0,"Rupture",IF($O23<=$J23,"Stock faible","En stock"))) | S23: =IF(OR($E23="",$Q23="En stock"),"",$O23/MAX($J23,1)+ROW()/100000)
E24: FOU-018 | F24: Papier hygiénique | G24: Entretien | H24: Paquet | I24: 30 | J24: 10 | K24: 11000 | L24: Supermarché Kivu | M24: =IF($E24="","",SUMIFS(MOV_Qte,MOV_Code,$E24,MOV_Type,"Entrée")) | N24: =IF($E24="","",SUMIFS(MOV_Qte,MOV_Code,$E24,MOV_Type,"Sortie")) | O24: =IF($E24="","",$I24+$M24-$N24) | P24: =IF($E24="","",$O24*$K24) | Q24: =IF($E24="","",IF($O24<=0,"Rupture",IF($O24<=$J24,"Stock faible","En stock"))) | S24: =IF(OR($E24="",$Q24="En stock"),"",$O24/MAX($J24,1)+ROW()/100000)
E25: FOU-019 | F25: Balai | G25: Entretien | H25: Pièce | I25: 10 | J25: 3 | K25: 5000 | L25: Supermarché Kivu | M25: =IF($E25="","",SUMIFS(MOV_Qte,MOV_Code,$E25,MOV_Type,"Entrée")) | N25: =IF($E25="","",SUMIFS(MOV_Qte,MOV_Code,$E25,MOV_Type,"Sortie")) | O25: =IF($E25="","",$I25+$M25-$N25) | P25: =IF($E25="","",$O25*$K25) | Q25: =IF($E25="","",IF($O25<=0,"Rupture",IF($O25<=$J25,"Stock faible","En stock"))) | S25: =IF(OR($E25="",$Q25="En stock"),"",$O25/MAX($J25,1)+ROW()/100000)
E26: FOU-020 | F26: Film plastique couverture | G26: Papeterie | H26: Rouleau | I26: 12 | J26: 4 | K26: 8500 | L26: Librairie Le Phare | M26: =IF($E26="","",SUMIFS(MOV_Qte,MOV_Code,$E26,MOV_Type,"Entrée")) | N26: =IF($E26="","",SUMIFS(MOV_Qte,MOV_Code,$E26,MOV_Type,"Sortie")) | O26: =IF($E26="","",$I26+$M26-$N26) | P26: =IF($E26="","",$O26*$K26) | Q26: =IF($E26="","",IF($O26<=0,"Rupture",IF($O26<=$J26,"Stock faible","En stock"))) | S26: =IF(OR($E26="",$Q26="En stock"),"",$O26/MAX($J26,1)+ROW()/100000)
M27: =IF($E27="","",SUMIFS(MOV_Qte,MOV_Code,$E27,MOV_Type,"Entrée")) | N27: =IF($E27="","",SUMIFS(MOV_Qte,MOV_Code,$E27,MOV_Type,"Sortie")) | O27: =IF($E27="","",$I27+$M27-$N27) | P27: =IF($E27="","",$O27*$K27) | Q27: =IF($E27="","",IF($O27<=0,"Rupture",IF($O27<=$J27,"Stock faible","En stock"))) | S27: =IF(OR($E27="",$Q27="En stock"),"",$O27/MAX($J27,1)+ROW()/100000)
M28: =IF($E28="","",SUMIFS(MOV_Qte,MOV_Code,$E28,MOV_Type,"Entrée")) | N28: =IF($E28="","",SUMIFS(MOV_Qte,MOV_Code,$E28,MOV_Type,"Sortie")) | O28: =IF($E28="","",$I28+$M28-$N28) | P28: =IF($E28="","",$O28*$K28) | Q28: =IF($E28="","",IF($O28<=0,"Rupture",IF($O28<=$J28,"Stock faible","En stock"))) | S28: =IF(OR($E28="",$Q28="En stock"),"",$O28/MAX($J28,1)+ROW()/100000)
M29: =IF($E29="","",SUMIFS(MOV_Qte,MOV_Code,$E29,MOV_Type,"Entrée")) | N29: =IF($E29="","",SUMIFS(MOV_Qte,MOV_Code,$E29,MOV_Type,"Sortie")) | O29: =IF($E29="","",$I29+$M29-$N29) | P29: =IF($E29="","",$O29*$K29) | Q29: =IF($E29="","",IF($O29<=0,"Rupture",IF($O29<=$J29,"Stock faible","En stock"))) | S29: =IF(OR($E29="",$Q29="En stock"),"",$O29/MAX($J29,1)+ROW()/100000)
M30: =IF($E30="","",SUMIFS(MOV_Qte,MOV_Code,$E30,MOV_Type,"Entrée")) | N30: =IF($E30="","",SUMIFS(MOV_Qte,MOV_Code,$E30,MOV_Type,"Sortie")) | O30: =IF($E30="","",$I30+$M30-$N30) | P30: =IF($E30="","",$O30*$K30) | Q30: =IF($E30="","",IF($O30<=0,"Rupture",IF($O30<=$J30,"Stock faible","En stock"))) | S30: =IF(OR($E30="",$Q30="En stock"),"",$O30/MAX($J30,1)+ROW()/100000)
M31: =IF($E31="","",SUMIFS(MOV_Qte,MOV_Code,$E31,MOV_Type,"Entrée")) | N31: =IF($E31="","",SUMIFS(MOV_Qte,MOV_Code,$E31,MOV_Type,"Sortie")) | O31: =IF($E31="","",$I31+$M31-$N31) | P31: =IF($E31="","",$O31*$K31) | Q31: =IF($E31="","",IF($O31<=0,"Rupture",IF($O31<=$J31,"Stock faible","En stock"))) | S31: =IF(OR($E31="",$Q31="En stock"),"",$O31/MAX($J31,1)+ROW()/100000)
M32: =IF($E32="","",SUMIFS(MOV_Qte,MOV_Code,$E32,MOV_Type,"Entrée")) | N32: =IF($E32="","",SUMIFS(MOV_Qte,MOV_Code,$E32,MOV_Type,"Sortie")) | O32: =IF($E32="","",$I32+$M32-$N32) | P32: =IF($E32="","",$O32*$K32) | Q32: =IF($E32="","",IF($O32<=0,"Rupture",IF($O32<=$J32,"Stock faible","En stock"))) | S32: =IF(OR($E32="",$Q32="En stock"),"",$O32/MAX($J32,1)+ROW()/100000)
M33: =IF($E33="","",SUMIFS(MOV_Qte,MOV_Code,$E33,MOV_Type,"Entrée")) | N33: =IF($E33="","",SUMIFS(MOV_Qte,MOV_Code,$E33,MOV_Type,"Sortie")) | O33: =IF($E33="","",$I33+$M33-$N33) | P33: =IF($E33="","",$O33*$K33) | Q33: =IF($E33="","",IF($O33<=0,"Rupture",IF($O33<=$J33,"Stock faible","En stock"))) | S33: =IF(OR($E33="",$Q33="En stock"),"",$O33/MAX($J33,1)+ROW()/100000)
M34: =IF($E34="","",SUMIFS(MOV_Qte,MOV_Code,$E34,MOV_Type,"Entrée")) | N34: =IF($E34="","",SUMIFS(MOV_Qte,MOV_Code,$E34,MOV_Type,"Sortie")) | O34: =IF($E34="","",$I34+$M34-$N34) | P34: =IF($E34="","",$O34*$K34) | Q34: =IF($E34="","",IF($O34<=0,"Rupture",IF($O34<=$J34,"Stock faible","En stock"))) | S34: =IF(OR($E34="",$Q34="En stock"),"",$O34/MAX($J34,1)+ROW()/100000)
M35: =IF($E35="","",SUMIFS(MOV_Qte,MOV_Code,$E35,MOV_Type,"Entrée")) | N35: =IF($E35="","",SUMIFS(MOV_Qte,MOV_Code,$E35,MOV_Type,"Sortie")) | O35: =IF($E35="","",$I35+$M35-$N35) | P35: =IF($E35="","",$O35*$K35) | Q35: =IF($E35="","",IF($O35<=0,"Rupture",IF($O35<=$J35,"Stock faible","En stock"))) | S35: =IF(OR($E35="",$Q35="En stock"),"",$O35/MAX($J35,1)+ROW()/100000)
M36: =IF($E36="","",SUMIFS(MOV_Qte,MOV_Code,$E36,MOV_Type,"Entrée")) | N36: =IF($E36="","",SUMIFS(MOV_Qte,MOV_Code,$E36,MOV_Type,"Sortie")) | O36: =IF($E36="","",$I36+$M36-$N36) | P36: =IF($E36="","",$O36*$K36) | Q36: =IF($E36="","",IF($O36<=0,"Rupture",IF($O36<=$J36,"Stock faible","En stock"))) | S36: =IF(OR($E36="",$Q36="En stock"),"",$O36/MAX($J36,1)+ROW()/100000)
M37: =IF($E37="","",SUMIFS(MOV_Qte,MOV_Code,$E37,MOV_Type,"Entrée")) | N37: =IF($E37="","",SUMIFS(MOV_Qte,MOV_Code,$E37,MOV_Type,"Sortie")) | O37: =IF($E37="","",$I37+$M37-$N37) | P37: =IF($E37="","",$O37*$K37) | Q37: =IF($E37="","",IF($O37<=0,"Rupture",IF($O37<=$J37,"Stock faible","En stock"))) | S37: =IF(OR($E37="",$Q37="En stock"),"",$O37/MAX($J37,1)+ROW()/100000)
M38: =IF($E38="","",SUMIFS(MOV_Qte,MOV_Code,$E38,MOV_Type,"Entrée")) | N38: =IF($E38="","",SUMIFS(MOV_Qte,MOV_Code,$E38,MOV_Type,"Sortie")) | O38: =IF($E38="","",$I38+$M38-$N38) | P38: =IF($E38="","",$O38*$K38) | Q38: =IF($E38="","",IF($O38<=0,"Rupture",IF($O38<=$J38,"Stock faible","En stock"))) | S38: =IF(OR($E38="",$Q38="En stock"),"",$O38/MAX($J38,1)+ROW()/100000)
... M206: =IF($E206="","",SUMIFS(MOV_Qte,MOV_Code,$E206,MOV_Type,"Entrée")) | N206: =IF($E206="","",SUMIFS(MOV_Qte,MOV_Code,$E206,MOV_Type,"Sortie")) | O206: =IF($E206="","",$I206+$M206-$N206) | P206: =IF($E206="","",$O206*$K206) | Q206: =IF($E206="","",IF($O206<=0,"Rupture",IF($O206<=$J206,"Stock faible","En stock"))) | S206: =IF(OR($E206="",$Q206="En stock"),"",$O206/MAX($J206,1)+ROW()/100000)

Sheet Mouvements
E2: ↕ Mouvements de stock | I2: =HYPERLINK("#'Tableau de bord'!A1","⌂ Tableau de bord") | K2: =HYPERLINK("#'Mouvements'!F"&(7+COUNTIF(MOV_Date,"?*")),"＋ Nouveau mouvement")
E3: Chaque entrée (achat) ou sortie (distribution) met à jour le stock automatiquement.
E4: =COUNTIF(MOV_Type,"Entrée")&" entrées" | G4: =COUNTIF(MOV_Type,"Sortie")&" sorties" | I4: =SUMIFS(MOV_Qte,MOV_Type,"Sortie",MOV_Date,">="&(TODAY()-30))&" unités sorties / 30 j"
E6: N° | F6: Date | G6: Code article | H6: Article | I6: Type | J6: Quantité | K6: Bénéficiaire / Fournisseur | L6: Remarque
E7: =IF($F7="","","MVT-"&TEXT(ROW()-6,"0000")) | F7: 46209 | G7: FOU-002 | H7: =IF($G7="","",IFERROR(INDEX(FOU_Article,MATCH($G7,FOU_Code,0)),"⚠ Code inconnu")) | I7: Sortie | J7: 2 | K7: Secrétariat
B8: =HYPERLINK("#'Tableau de bord'!A1","▦ Tableau de bord") | E8: =IF($F8="","","MVT-"&TEXT(ROW()-6,"0000")) | F8: 46209 | G8: FOU-007 | H8: =IF($G8="","",IFERROR(INDEX(FOU_Article,MATCH($G8,FOU_Code,0)),"⚠ Code inconnu")) | I8: Sortie | J8: 2 | K8: Primaire
B9: =HYPERLINK("#'Livres'!A1","📚 Livres") | E9: =IF($F9="","","MVT-"&TEXT(ROW()-6,"0000")) | F9: 46210 | G9: FOU-016 | H9: =IF($G9="","",IFERROR(INDEX(FOU_Article,MATCH($G9,FOU_Code,0)),"⚠ Code inconnu")) | I9: Sortie | J9: 3 | K9: Primaire
B10: =HYPERLINK("#'Membres'!A1","👥 Membres") | E10: =IF($F10="","","MVT-"&TEXT(ROW()-6,"0000")) | F10: 46211 | G10: FOU-006 | H10: =IF($G10="","",IFERROR(INDEX(FOU_Article,MATCH($G10,FOU_Code,0)),"⚠ Code inconnu")) | I10: Sortie | J10: 5 | K10: Secrétariat
B11: =HYPERLINK("#'Emprunts'!A1","🔄 Emprunts") | E11: =IF($F11="","","MVT-"&TEXT(ROW()-6,"0000")) | F11: 46212 | G11: FOU-009 | H11: =IF($G11="","",IFERROR(INDEX(FOU_Article,MATCH($G11,FOU_Code,0)),"⚠ Code inconnu")) | I11: Sortie | J11: 3 | K11: Secrétariat
B12: =HYPERLINK("#'Fournitures'!A1","📦 Fournitures") | E12: =IF($F12="","","MVT-"&TEXT(ROW()-6,"0000")) | F12: 46215 | G12: FOU-006 | H12: =IF($G12="","",IFERROR(INDEX(FOU_Article,MATCH($G12,FOU_Code,0)),"⚠ Code inconnu")) | I12: Sortie | J12: 2 | K12: Secrétariat
B13: =HYPERLINK("#'Mouvements'!A1","↕ Mouvements de stock") | E13: =IF($F13="","","MVT-"&TEXT(ROW()-6,"0000")) | F13: 46216 | G13: FOU-014 | H13: =IF($G13="","",IFERROR(INDEX(FOU_Article,MATCH($G13,FOU_Code,0)),"⚠ Code inconnu")) | I13: Sortie | J13: 8 | K13: Salle des profs
B14: =HYPERLINK("#'Recherche'!A1","🔍 Recherche") | E14: =IF($F14="","","MVT-"&TEXT(ROW()-6,"0000")) | F14: 46217 | G14: FOU-007 | H14: =IF($G14="","",IFERROR(INDEX(FOU_Article,MATCH($G14,FOU_Code,0)),"⚠ Code inconnu")) | I14: Sortie | J14: 3 | K14: Classe de 3ème Hum
B15: =HYPERLINK("#'Rapport mensuel'!A1","🖨 Rapport mensuel") | E15: =IF($F15="","","MVT-"&TEXT(ROW()-6,"0000")) | F15: 46219 | G15: FOU-009 | H15: =IF($G15="","",IFERROR(INDEX(FOU_Article,MATCH($G15,FOU_Code,0)),"⚠ Code inconnu")) | I15: Sortie | J15: 8 | K15: Bibliothèque
B16: =HYPERLINK("#'Paramètres'!A1","⚙ Paramètres") | E16: =IF($F16="","","MVT-"&TEXT(ROW()-6,"0000")) | F16: 46220 | G16: FOU-003 | H16: =IF($G16="","",IFERROR(INDEX(FOU_Article,MATCH($G16,FOU_Code,0)),"⚠ Code inconnu")) | I16: Sortie | J16: 7 | K16: Direction
E17: =IF($F17="","","MVT-"&TEXT(ROW()-6,"0000")) | F17: 46220 | G17: FOU-018 | H17: =IF($G17="","",IFERROR(INDEX(FOU_Article,MATCH($G17,FOU_Code,0)),"⚠ Code inconnu")) | I17: Sortie | J17: 5 | K17: Classe de 3ème Hum
E18: =IF($F18="","","MVT-"&TEXT(ROW()-6,"0000")) | F18: 46221 | G18: FOU-006 | H18: =IF($G18="","",IFERROR(INDEX(FOU_Article,MATCH($G18,FOU_Code,0)),"⚠ Code inconnu")) | I18: Sortie | J18: 8 | K18: Primaire
E19: =IF($F19="","","MVT-"&TEXT(ROW()-6,"0000")) | F19: 46222 | G19: FOU-013 | H19: =IF($G19="","",IFERROR(INDEX(FOU_Article,MATCH($G19,FOU_Code,0)),"⚠ Code inconnu")) | I19: Sortie | J19: 4 | K19: Direction
E20: =IF($F20="","","MVT-"&TEXT(ROW()-6,"0000")) | F20: 46225 | G20: FOU-005 | H20: =IF($G20="","",IFERROR(INDEX(FOU_Article,MATCH($G20,FOU_Code,0)),"⚠ Code inconnu")) | I20: Sortie | J20: 4 | K20: Primaire
E21: =IF($F21="","","MVT-"&TEXT(ROW()-6,"0000")) | F21: 46225 | G21: FOU-013 | H21: =IF($G21="","",IFERROR(INDEX(FOU_Article,MATCH($G21,FOU_Code,0)),"⚠ Code inconnu")) | I21: Sortie | J21: 8 | K21: Direction
E22: =IF($F22="","","MVT-"&TEXT(ROW()-6,"0000")) | F22: 46225 | G22: FOU-018 | H22: =IF($G22="","",IFERROR(INDEX(FOU_Article,MATCH($G22,FOU_Code,0)),"⚠ Code inconnu")) | I22: Sortie | J22: 8 | K22: Secrétariat
E23: =IF($F23="","","MVT-"&TEXT(ROW()-6,"0000")) | F23: 46227 | G23: FOU-005 | H23: =IF($G23="","",IFERROR(INDEX(FOU_Article,MATCH($G23,FOU_Code,0)),"⚠ Code inconnu")) | I23: Sortie | J23: 5 | K23: Classe de 3ème Hum
E24: =IF($F24="","","MVT-"&TEXT(ROW()-6,"0000")) | F24: 46227 | G24: FOU-014 | H24: =IF($G24="","",IFERROR(INDEX(FOU_Article,MATCH($G24,FOU_Code,0)),"⚠ Code inconnu")) | I24: Sortie | J24: 2 | K24: Primaire
E25: =IF($F25="","","MVT-"&TEXT(ROW()-6,"0000")) | F25: 46227 | G25: FOU-018 | H25: =IF($G25="","",IFERROR(INDEX(FOU_Article,MATCH($G25,FOU_Code,0)),"⚠ Code inconnu")) | I25: Sortie | J25: 4 | K25: Classe de 3ème Hum
E26: =IF($F26="","","MVT-"&TEXT(ROW()-6,"0000")) | F26: 46229 | G26: FOU-008 | H26: =IF($G26="","",IFERROR(INDEX(FOU_Article,MATCH($G26,FOU_Code,0)),"⚠ Code inconnu")) | I26: Sortie | J26: 2 | K26: Direction
E27: =IF($F27="","","MVT-"&TEXT(ROW()-6,"0000")) | F27: 46233 | G27: FOU-012 | H27: =IF($G27="","",IFERROR(INDEX(FOU_Article,MATCH($G27,FOU_Code,0)),"⚠ Code inconnu")) | I27: Sortie | J27: 8 | K27: Salle des profs
E28: =IF($F28="","","MVT-"&TEXT(ROW()-6,"0000")) | F28: 46233 | G28: FOU-013 | H28: =IF($G28="","",IFERROR(INDEX(FOU_Article,MATCH($G28,FOU_Code,0)),"⚠ Code inconnu")) | I28: Sortie | J28: 8 | K28: Bibliothèque
... E44: =IF($F44="","","MVT-"&TEXT(ROW()-6,"0000")) | F44: 46253 | G44: FOU-015 | H44: =IF($G44="","",IFERROR(INDEX(FOU_Article,MATCH($G44,FOU_Code,0)),"⚠ Code inconnu")) | I44: Sortie | J44: 3 | K44: Secrétariat
E45: =IF($F45="","","MVT-"&TEXT(ROW()-6,"0000")) | F45: 46256 | G45: FOU-004 | H45: =IF($G45="","",IFERROR(INDEX(FOU_Article,MATCH($G45,FOU_Code,0)),"⚠ Code inconnu")) | I45: Entrée | J45: 10 | K45: Papeterie Kivu | L45: Réapprovisionnement
E46: =IF($F46="","","MVT-"&TEXT(ROW()-6,"0000")) | F46: 46256 | G46: FOU-005 | H46: =IF($G46="","",IFERROR(INDEX(FOU_Article,MATCH($G46,FOU_Code,0)),"⚠ Code inconnu")) | I46: Sortie | J46: 4 | K46: Direction
E47: =IF($F47="","","MVT-"&TEXT(ROW()-6,"0000")) | F47: 46257 | G47: FOU-017 | H47: =IF($G47="","",IFERROR(INDEX(FOU_Article,MATCH($G47,FOU_Code,0)),"⚠ Code inconnu")) | I47: Sortie | J47: 3 | K47: Salle des profs
E48: =IF($F48="","","MVT-"&TEXT(ROW()-6,"0000")) | F48: 46259 | G48: FOU-001 | H48: =IF($G48="","",IFERROR(INDEX(FOU_Article,MATCH($G48,FOU_Code,0)),"⚠ Code inconnu")) | I48: Sortie | J48: 2 | K48: Bibliothèque
E49: =IF($F49="","","MVT-"&TEXT(ROW()-6,"0000")) | F49: 46262 | G49: FOU-008 | H49: =IF($G49="","",IFERROR(INDEX(FOU_Article,MATCH($G49,FOU_Code,0)),"⚠ Code inconnu")) | I49: Sortie | J49: 6 | K49: Primaire
E50: =IF($F50="","","MVT-"&TEXT(ROW()-6,"0000")) | F50: 46262 | G50: FOU-014 | H50: =IF($G50="","",IFERROR(INDEX(FOU_Article,MATCH($G50,FOU_Code,0)),"⚠ Code inconnu")) | I50: Entrée | J50: 10 | K50: Papeterie Kivu | L50: Réapprovisionnement
E51: =IF($F51="","","MVT-"&TEXT(ROW()-6,"0000")) | F51: 46263 | G51: FOU-005 | H51: =IF($G51="","",IFERROR(INDEX(FOU_Article,MATCH($G51,FOU_Code,0)),"⚠ Code inconnu")) | I51: Sortie | J51: 2 | K51: Direction
E52: =IF($F52="","","MVT-"&TEXT(ROW()-6,"0000")) | F52: 46264 | G52: FOU-017 | H52: =IF($G52="","",IFERROR(INDEX(FOU_Article,MATCH($G52,FOU_Code,0)),"⚠ Code inconnu")) | I52: Entrée | J52: 10 | K52: Supermarché Kivu | L52: Réapprovisionnement
E53: =IF($F53="","","MVT-"&TEXT(ROW()-6,"0000")) | F53: 46265 | G53: FOU-014 | H53: =IF($G53="","",IFERROR(INDEX(FOU_Article,MATCH($G53,FOU_Code,0)),"⚠ Code inconnu")) | I53: Sortie | J53: 4 | K53: Salle des profs
E54: =IF($F54="","","MVT-"&TEXT(ROW()-6,"0000")) | F54: 46266 | G54: FOU-009 | H54: =IF($G54="","",IFERROR(INDEX(FOU_Article,MATCH($G54,FOU_Code,0)),"⚠ Code inconnu")) | I54: Entrée | J54: 15 | K54: Librairie Le Phare | L54: Réapprovisionnement
E55: =IF($F55="","","MVT-"&TEXT(ROW()-6,"0000")) | F55: 46267 | G55: FOU-005 | H55: =IF($G55="","",IFERROR(INDEX(FOU_Article,MATCH($G55,FOU_Code,0)),"⚠ Code inconnu")) | I55: Sortie | J55: 6 | K55: Classe de 3ème Hum
E56: =IF($F56="","","MVT-"&TEXT(ROW()-6,"0000")) | F56: 46269 | G56: FOU-012 | H56: =IF($G56="","",IFERROR(INDEX(FOU_Article,MATCH($G56,FOU_Code,0)),"⚠ Code inconnu")) | I56: Sortie | J56: 2 | K56: Direction
E57: =IF($F57="","","MVT-"&TEXT(ROW()-6,"0000")) | F57: 46270 | G57: FOU-002 | H57: =IF($G57="","",IFERROR(INDEX(FOU_Article,MATCH($G57,FOU_Code,0)),"⚠ Code inconnu")) | I57: Entrée | J57: 10 | K57: Librairie Le Phare | L57: Réapprovisionnement
E58: =IF($F58="","","MVT-"&TEXT(ROW()-6,"0000")) | F58: 46270 | G58: FOU-012 | H58: =IF($G58="","",IFERROR(INDEX(FOU_Article,MATCH($G58,FOU_Code,0)),"⚠ Code inconnu")) | I58: Entrée | J58: 20 | K58: Papeterie Kivu | L58: Réapprovisionnement
E59: =IF($F59="","","MVT-"&TEXT(ROW()-6,"0000")) | F59: 46270 | G59: FOU-019 | H59: =IF($G59="","",IFERROR(INDEX(FOU_Article,MATCH($G59,FOU_Code,0)),"⚠ Code inconnu")) | I59: Sortie | J59: 3 | K59: Classe de 7ème EB
E60: =IF($F60="","","MVT-"&TEXT(ROW()-6,"0000")) | F60: 46272 | G60: FOU-006 | H60: =IF($G60="","",IFERROR(INDEX(FOU_Article,MATCH($G60,FOU_Code,0)),"⚠ Code inconnu")) | I60: Sortie | J60: 1 | K60: Salle des profs
E61: =IF($F61="","","MVT-"&TEXT(ROW()-6,"0000")) | F61: 46274 | G61: FOU-001 | H61: =IF($G61="","",IFERROR(INDEX(FOU_Article,MATCH($G61,FOU_Code,0)),"⚠ Code inconnu")) | I61: Sortie | J61: 8 | K61: Direction
E62: =IF($F62="","","MVT-"&TEXT(ROW()-6,"0000")) | F62: 46275 | G62: FOU-006 | H62: =IF($G62="","",IFERROR(INDEX(FOU_Article,MATCH($G62,FOU_Code,0)),"⚠ Code inconnu")) | I62: Sortie | J62: 5 | K62: Classe de 3ème Hum
E63: =IF($F63="","","MVT-"&TEXT(ROW()-6,"0000")) | F63: 46277 | G63: FOU-006 | H63: =IF($G63="","",IFERROR(INDEX(FOU_Article,MATCH($G63,FOU_Code,0)),"⚠ Code inconnu")) | I63: Sortie | J63: 8 | K63: Classe de 3ème Hum
E64: =IF($F64="","","MVT-"&TEXT(ROW()-6,"0000")) | F64: 46277 | G64: FOU-010 | H64: =IF($G64="","",IFERROR(INDEX(FOU_Article,MATCH($G64,FOU_Code,0)),"⚠ Code inconnu")) | I64: Sortie | J64: 3 | K64: Classe de 7ème EB
E65: =IF($F65="","","MVT-"&TEXT(ROW()-6,"0000")) | F65: 46277 | G65: FOU-017 | H65: =IF($G65="","",IFERROR(INDEX(FOU_Article,MATCH($G65,FOU_Code,0)),"⚠ Code inconnu")) | I65: Sortie | J65: 6 | K65: Classe de 3ème Hum
E66: =IF($F66="","","MVT-"&TEXT(ROW()-6,"0000")) | F66: 46281 | G66: FOU-014 | H66: =IF($G66="","",IFERROR(INDEX(FOU_Article,MATCH($G66,FOU_Code,0)),"⚠ Code inconnu")) | I66: Sortie | J66: 2 | K66: Salle des profs
E67: =IF($F67="","","MVT-"&TEXT(ROW()-6,"0000")) | F67: 46282 | G67: FOU-001 | H67: =IF($G67="","",IFERROR(INDEX(FOU_Article,MATCH($G67,FOU_Code,0)),"⚠ Code inconnu")) | I67: Sortie | J67: 4 | K67: Secrétariat
E68: =IF($F68="","","MVT-"&TEXT(ROW()-6,"0000")) | F68: 46285 | G68: FOU-018 | H68: =IF($G68="","",IFERROR(INDEX(FOU_Article,MATCH($G68,FOU_Code,0)),"⚠ Code inconnu")) | I68: Sortie | J68: 2 | K68: Classe de 7ème EB
E69: =IF($F69="","","MVT-"&TEXT(ROW()-6,"0000")) | F69: 46286 | G69: FOU-015 | H69: =IF($G69="","",IFERROR(INDEX(FOU_Article,MATCH($G69,FOU_Code,0)),"⚠ Code inconnu")) | I69: Sortie | J69: 3 | K69: Direction
E70: =IF($F70="","","MVT-"&TEXT(ROW()-6,"0000")) | F70: 46288 | G70: FOU-008 | H70: =IF($G70="","",IFERROR(INDEX(FOU_Article,MATCH($G70,FOU_Code,0)),"⚠ Code inconnu")) | I70: Sortie | J70: 4 | K70: Direction
... E82: =IF($F82="","","MVT-"&TEXT(ROW()-6,"0000")) | F82: 46302 | G82: FOU-001 | H82: =IF($G82="","",IFERROR(INDEX(FOU_Article,MATCH($G82,FOU_Code,0)),"⚠ Code inconnu")) | I82: Sortie | J82: 4 | K82: Classe de 7ème EB
E83: =IF($F83="","","MVT-"&TEXT(ROW()-6,"0000")) | H83: =IF($G83="","",IFERROR(INDEX(FOU_Article,MATCH($G83,FOU_Code,0)),"⚠ Code inconnu"))
E84: =IF($F84="","","MVT-"&TEXT(ROW()-6,"0000")) | H84: =IF($G84="","",IFERROR(INDEX(FOU_Article,MATCH($G84,FOU_Code,0)),"⚠ Code inconnu"))
E85: =IF($F85="","","MVT-"&TEXT(ROW()-6,"0000")) | H85: =IF($G85="","",IFERROR(INDEX(FOU_Article,MATCH($G85,FOU_Code,0)),"⚠ Code inconnu"))
E86: =IF($F86="","","MVT-"&TEXT(ROW()-6,"0000")) | H86: =IF($G86="","",IFERROR(INDEX(FOU_Article,MATCH($G86,FOU_Code,0)),"⚠ Code inconnu"))
E87: =IF($F87="","","MVT-"&TEXT(ROW()-6,"0000")) | H87: =IF($G87="","",IFERROR(INDEX(FOU_Article,MATCH($G87,FOU_Code,0)),"⚠ Code inconnu"))
E88: =IF($F88="","","MVT-"&TEXT(ROW()-6,"0000")) | H88: =IF($G88="","",IFERROR(INDEX(FOU_Article,MATCH($G88,FOU_Code,0)),"⚠ Code inconnu"))
E89: =IF($F89="","","MVT-"&TEXT(ROW()-6,"0000")) | H89: =IF($G89="","",IFERROR(INDEX(FOU_Article,MATCH($G89,FOU_Code,0)),"⚠ Code inconnu"))
E90: =IF($F90="","","MVT-"&TEXT(ROW()-6,"0000")) | H90: =IF($G90="","",IFERROR(INDEX(FOU_Article,MATCH($G90,FOU_Code,0)),"⚠ Code inconnu"))
E91: =IF($F91="","","MVT-"&TEXT(ROW()-6,"0000")) | H91: =IF($G91="","",IFERROR(INDEX(FOU_Article,MATCH($G91,FOU_Code,0)),"⚠ Code inconnu"))
E92: =IF($F92="","","MVT-"&TEXT(ROW()-6,"0000")) | H92: =IF($G92="","",IFERROR(INDEX(FOU_Article,MATCH($G92,FOU_Code,0)),"⚠ Code inconnu"))
E93: =IF($F93="","","MVT-"&TEXT(ROW()-6,"0000")) | H93: =IF($G93="","",IFERROR(INDEX(FOU_Article,MATCH($G93,FOU_Code,0)),"⚠ Code inconnu"))
E94: =IF($F94="","","MVT-"&TEXT(ROW()-6,"0000")) | H94: =IF($G94="","",IFERROR(INDEX(FOU_Article,MATCH($G94,FOU_Code,0)),"⚠ Code inconnu"))
... E1006: =IF($F1006="","","MVT-"&TEXT(ROW()-6,"0000")) | H1006: =IF($G1006="","",IFERROR(INDEX(FOU_Article,MATCH($G1006,FOU_Code,0)),"⚠ Code inconnu"))

Sheet Recherche
E2: 🔍 Recherche
E3: Tapez un titre, un auteur, un code, un ISBN ou un nom de membre dans la case bleue, puis appuyez sur Entrée.
E5: 🔎 | F5: Petit
B8: =HYPERLINK("#'Tableau de bord'!A1","▦ Tableau de bord") | E8: Livres trouvés | J8: =IF(Q_Rech="","",IF(COUNT(LIV_Rech)=0,"Aucun livre trouvé",COUNT(LIV_Rech)&" résultat(s)"&IF(COUNT(LIV_Rech)>10," — 10 premiers","")))
B9: =HYPERLINK("#'Livres'!A1","📚 Livres") | E9: Code | F9: Titre | G9: Auteur | H9: Catégorie | I9: Disponibles | J9: Statut
B10: =HYPERLINK("#'Membres'!A1","👥 Membres") | E10: =IFERROR(INDEX(LIV_Code,MATCH(1,LIV_Rech,0)),"") | F10: =IFERROR(INDEX(LIV_Titre,MATCH(1,LIV_Rech,0)),"") | G10: =IFERROR(INDEX(LIV_Auteur,MATCH(1,LIV_Rech,0)),"") | H10: =IFERROR(INDEX(LIV_Cat,MATCH(1,LIV_Rech,0)),"") | I10: =IFERROR(INDEX(LIV_Dispo,MATCH(1,LIV_Rech,0)),"") | J10: =IFERROR(INDEX(LIV_Statut,MATCH(1,LIV_Rech,0)),"")
B11: =HYPERLINK("#'Emprunts'!A1","🔄 Emprunts") | E11: =IFERROR(INDEX(LIV_Code,MATCH(2,LIV_Rech,0)),"") | F11: =IFERROR(INDEX(LIV_Titre,MATCH(2,LIV_Rech,0)),"") | G11: =IFERROR(INDEX(LIV_Auteur,MATCH(2,LIV_Rech,0)),"") | H11: =IFERROR(INDEX(LIV_Cat,MATCH(2,LIV_Rech,0)),"") | I11: =IFERROR(INDEX(LIV_Dispo,MATCH(2,LIV_Rech,0)),"") | J11: =IFERROR(INDEX(LIV_Statut,MATCH(2,LIV_Rech,0)),"")
B12: =HYPERLINK("#'Fournitures'!A1","📦 Fournitures") | E12: =IFERROR(INDEX(LIV_Code,MATCH(3,LIV_Rech,0)),"") | F12: =IFERROR(INDEX(LIV_Titre,MATCH(3,LIV_Rech,0)),"") | G12: =IFERROR(INDEX(LIV_Auteur,MATCH(3,LIV_Rech,0)),"") | H12: =IFERROR(INDEX(LIV_Cat,MATCH(3,LIV_Rech,0)),"") | I12: =IFERROR(INDEX(LIV_Dispo,MATCH(3,LIV_Rech,0)),"") | J12: =IFERROR(INDEX(LIV_Statut,MATCH(3,LIV_Rech,0)),"")
B13: =HYPERLINK("#'Mouvements'!A1","↕ Mouvements de stock") | E13: =IFERROR(INDEX(LIV_Code,MATCH(4,LIV_Rech,0)),"") | F13: =IFERROR(INDEX(LIV_Titre,MATCH(4,LIV_Rech,0)),"") | G13: =IFERROR(INDEX(LIV_Auteur,MATCH(4,LIV_Rech,0)),"") | H13: =IFERROR(INDEX(LIV_Cat,MATCH(4,LIV_Rech,0)),"") | I13: =IFERROR(INDEX(LIV_Dispo,MATCH(4,LIV_Rech,0)),"") | J13: =IFERROR(INDEX(LIV_Statut,MATCH(4,LIV_Rech,0)),"")
B14: =HYPERLINK("#'Recherche'!A1","🔍 Recherche") | E14: =IFERROR(INDEX(LIV_Code,MATCH(5,LIV_Rech,0)),"") | F14: =IFERROR(INDEX(LIV_Titre,MATCH(5,LIV_Rech,0)),"") | G14: =IFERROR(INDEX(LIV_Auteur,MATCH(5,LIV_Rech,0)),"") | H14: =IFERROR(INDEX(LIV_Cat,MATCH(5,LIV_Rech,0)),"") | I14: =IFERROR(INDEX(LIV_Dispo,MATCH(5,LIV_Rech,0)),"") | J14: =IFERROR(INDEX(LIV_Statut,MATCH(5,LIV_Rech,0)),"")
B15: =HYPERLINK("#'Rapport mensuel'!A1","🖨 Rapport mensuel") | E15: =IFERROR(INDEX(LIV_Code,MATCH(6,LIV_Rech,0)),"") | F15: =IFERROR(INDEX(LIV_Titre,MATCH(6,LIV_Rech,0)),"") | G15: =IFERROR(INDEX(LIV_Auteur,MATCH(6,LIV_Rech,0)),"") | H15: =IFERROR(INDEX(LIV_Cat,MATCH(6,LIV_Rech,0)),"") | I15: =IFERROR(INDEX(LIV_Dispo,MATCH(6,LIV_Rech,0)),"") | J15: =IFERROR(INDEX(LIV_Statut,MATCH(6,LIV_Rech,0)),"")
B16: =HYPERLINK("#'Paramètres'!A1","⚙ Paramètres") | E16: =IFERROR(INDEX(LIV_Code,MATCH(7,LIV_Rech,0)),"") | F16: =IFERROR(INDEX(LIV_Titre,MATCH(7,LIV_Rech,0)),"") | G16: =IFERROR(INDEX(LIV_Auteur,MATCH(7,LIV_Rech,0)),"") | H16: =IFERROR(INDEX(LIV_Cat,MATCH(7,LIV_Rech,0)),"") | I16: =IFERROR(INDEX(LIV_Dispo,MATCH(7,LIV_Rech,0)),"") | J16: =IFERROR(INDEX(LIV_Statut,MATCH(7,LIV_Rech,0)),"")
E17: =IFERROR(INDEX(LIV_Code,MATCH(8,LIV_Rech,0)),"") | F17: =IFERROR(INDEX(LIV_Titre,MATCH(8,LIV_Rech,0)),"") | G17: =IFERROR(INDEX(LIV_Auteur,MATCH(8,LIV_Rech,0)),"") | H17: =IFERROR(INDEX(LIV_Cat,MATCH(8,LIV_Rech,0)),"") | I17: =IFERROR(INDEX(LIV_Dispo,MATCH(8,LIV_Rech,0)),"") | J17: =IFERROR(INDEX(LIV_Statut,MATCH(8,LIV_Rech,0)),"")
E18: =IFERROR(INDEX(LIV_Code,MATCH(9,LIV_Rech,0)),"") | F18: =IFERROR(INDEX(LIV_Titre,MATCH(9,LIV_Rech,0)),"") | G18: =IFERROR(INDEX(LIV_Auteur,MATCH(9,LIV_Rech,0)),"") | H18: =IFERROR(INDEX(LIV_Cat,MATCH(9,LIV_Rech,0)),"") | I18: =IFERROR(INDEX(LIV_Dispo,MATCH(9,LIV_Rech,0)),"") | J18: =IFERROR(INDEX(LIV_Statut,MATCH(9,LIV_Rech,0)),"")
E19: =IFERROR(INDEX(LIV_Code,MATCH(10,LIV_Rech,0)),"") | F19: =IFERROR(INDEX(LIV_Titre,MATCH(10,LIV_Rech,0)),"") | G19: =IFERROR(INDEX(LIV_Auteur,MATCH(10,LIV_Rech,0)),"") | H19: =IFERROR(INDEX(LIV_Cat,MATCH(10,LIV_Rech,0)),"") | I19: =IFERROR(INDEX(LIV_Dispo,MATCH(10,LIV_Rech,0)),"") | J19: =IFERROR(INDEX(LIV_Statut,MATCH(10,LIV_Rech,0)),"")
E21: Membres trouvés | J21: =IF(Q_Rech="","",IF(COUNT(MEM_Rech)=0,"Aucun membre trouvé",COUNT(MEM_Rech)&" résultat(s)"&IF(COUNT(MEM_Rech)>10," — 10 premiers","")))
E22: ID | F22: Nom complet | G22: Type | H22: Classe | I22: En cours | J22: Statut
E23: =IFERROR(INDEX(MEM_ID,MATCH(1,MEM_Rech,0)),"") | F23: =IFERROR(INDEX(MEM_Nom,MATCH(1,MEM_Rech,0)),"") | G23: =IFERROR(INDEX(MEM_Type,MATCH(1,MEM_Rech,0)),"") | H23: =IFERROR(INDEX(MEM_Classe,MATCH(1,MEM_Rech,0)),"") | I23: =IFERROR(INDEX(MEM_Cours,MATCH(1,MEM_Rech,0)),"") | J23: =IFERROR(INDEX(MEM_Statut,MATCH(1,MEM_Rech,0)),"")
E24: =IFERROR(INDEX(MEM_ID,MATCH(2,MEM_Rech,0)),"") | F24: =IFERROR(INDEX(MEM_Nom,MATCH(2,MEM_Rech,0)),"") | G24: =IFERROR(INDEX(MEM_Type,MATCH(2,MEM_Rech,0)),"") | H24: =IFERROR(INDEX(MEM_Classe,MATCH(2,MEM_Rech,0)),"") | I24: =IFERROR(INDEX(MEM_Cours,MATCH(2,MEM_Rech,0)),"") | J24: =IFERROR(INDEX(MEM_Statut,MATCH(2,MEM_Rech,0)),"")
E25: =IFERROR(INDEX(MEM_ID,MATCH(3,MEM_Rech,0)),"") | F25: =IFERROR(INDEX(MEM_Nom,MATCH(3,MEM_Rech,0)),"") | G25: =IFERROR(INDEX(MEM_Type,MATCH(3,MEM_Rech,0)),"") | H25: =IFERROR(INDEX(MEM_Classe,MATCH(3,MEM_Rech,0)),"") | I25: =IFERROR(INDEX(MEM_Cours,MATCH(3,MEM_Rech,0)),"") | J25: =IFERROR(INDEX(MEM_Statut,MATCH(3,MEM_Rech,0)),"")
E26: =IFERROR(INDEX(MEM_ID,MATCH(4,MEM_Rech,0)),"") | F26: =IFERROR(INDEX(MEM_Nom,MATCH(4,MEM_Rech,0)),"") | G26: =IFERROR(INDEX(MEM_Type,MATCH(4,MEM_Rech,0)),"") | H26: =IFERROR(INDEX(MEM_Classe,MATCH(4,MEM_Rech,0)),"") | I26: =IFERROR(INDEX(MEM_Cours,MATCH(4,MEM_Rech,0)),"") | J26: =IFERROR(INDEX(MEM_Statut,MATCH(4,MEM_Rech,0)),"")
E27: =IFERROR(INDEX(MEM_ID,MATCH(5,MEM_Rech,0)),"") | F27: =IFERROR(INDEX(MEM_Nom,MATCH(5,MEM_Rech,0)),"") | G27: =IFERROR(INDEX(MEM_Type,MATCH(5,MEM_Rech,0)),"") | H27: =IFERROR(INDEX(MEM_Classe,MATCH(5,MEM_Rech,0)),"") | I27: =IFERROR(INDEX(MEM_Cours,MATCH(5,MEM_Rech,0)),"") | J27: =IFERROR(INDEX(MEM_Statut,MATCH(5,MEM_Rech,0)),"")
E28: =IFERROR(INDEX(MEM_ID,MATCH(6,MEM_Rech,0)),"") | F28: =IFERROR(INDEX(MEM_Nom,MATCH(6,MEM_Rech,0)),"") | G28: =IFERROR(INDEX(MEM_Type,MATCH(6,MEM_Rech,0)),"") | H28: =IFERROR(INDEX(MEM_Classe,MATCH(6,MEM_Rech,0)),"") | I28: =IFERROR(INDEX(MEM_Cours,MATCH(6,MEM_Rech,0)),"") | J28: =IFERROR(INDEX(MEM_Statut,MATCH(6,MEM_Rech,0)),"")
E29: =IFERROR(INDEX(MEM_ID,MATCH(7,MEM_Rech,0)),"") | F29: =IFERROR(INDEX(MEM_Nom,MATCH(7,MEM_Rech,0)),"") | G29: =IFERROR(INDEX(MEM_Type,MATCH(7,MEM_Rech,0)),"") | H29: =IFERROR(INDEX(MEM_Classe,MATCH(7,MEM_Rech,0)),"") | I29: =IFERROR(INDEX(MEM_Cours,MATCH(7,MEM_Rech,0)),"") | J29: =IFERROR(INDEX(MEM_Statut,MATCH(7,MEM_Rech,0)),"")
E30: =IFERROR(INDEX(MEM_ID,MATCH(8,MEM_Rech,0)),"") | F30: =IFERROR(INDEX(MEM_Nom,MATCH(8,MEM_Rech,0)),"") | G30: =IFERROR(INDEX(MEM_Type,MATCH(8,MEM_Rech,0)),"") | H30: =IFERROR(INDEX(MEM_Classe,MATCH(8,MEM_Rech,0)),"") | I30: =IFERROR(INDEX(MEM_Cours,MATCH(8,MEM_Rech,0)),"") | J30: =IFERROR(INDEX(MEM_Statut,MATCH(8,MEM_Rech,0)),"")
E31: =IFERROR(INDEX(MEM_ID,MATCH(9,MEM_Rech,0)),"") | F31: =IFERROR(INDEX(MEM_Nom,MATCH(9,MEM_Rech,0)),"") | G31: =IFERROR(INDEX(MEM_Type,MATCH(9,MEM_Rech,0)),"") | H31: =IFERROR(INDEX(MEM_Classe,MATCH(9,MEM_Rech,0)),"") | I31: =IFERROR(INDEX(MEM_Cours,MATCH(9,MEM_Rech,0)),"") | J31: =IFERROR(INDEX(MEM_Statut,MATCH(9,MEM_Rech,0)),"")
E32: =IFERROR(INDEX(MEM_ID,MATCH(10,MEM_Rech,0)),"") | F32: =IFERROR(INDEX(MEM_Nom,MATCH(10,MEM_Rech,0)),"") | G32: =IFERROR(INDEX(MEM_Type,MATCH(10,MEM_Rech,0)),"") | H32: =IFERROR(INDEX(MEM_Classe,MATCH(10,MEM_Rech,0)),"") | I32: =IFERROR(INDEX(MEM_Cours,MATCH(10,MEM_Rech,0)),"") | J32: =IFERROR(INDEX(MEM_Statut,MATCH(10,MEM_Rech,0)),"")

Sheet Rapport mensuel
F2: RAPPORT MENSUEL DE LA BIBLIOTHÈQUE
F3: =P_Ecole&" · Année scolaire "&P_Annee
F4: Mois : | G4: 46266 | I4: ◀ choisissez le mois dans la liste
F5: Période : | G5: =R_Mois | I5: =EDATE(R_Mois,1)-1 | K5: =TODAY()
B8: =HYPERLINK("#'Tableau de bord'!A1","▦ Tableau de bord")
B9: =HYPERLINK("#'Livres'!A1","📚 Livres") | E9: 1. Activité de la bibliothèque pendant le mois
B10: =HYPERLINK("#'Membres'!A1","👥 Membres")
B11: =HYPERLINK("#'Emprunts'!A1","🔄 Emprunts") | E11: Emprunts du mois | G11: Retours du mois | I11: Retours en retard | K11: Livres sortis (fin de mois) | M11: En retard (fin de mois)
B12: =HYPERLINK("#'Fournitures'!A1","📦 Fournitures") | E12: =COUNTIFS(EMP_Date,">="&R_Mois,EMP_Date,"<"&EDATE(R_Mois,1)) | G12: =COUNTIFS(EMP_Retour,">="&R_Mois,EMP_Retour,"<"&EDATE(R_Mois,1)) | I12: =COUNTIFS(EMP_Retour,">="&R_Mois,EMP_Retour,"<"&EDATE(R_Mois,1),EMP_Statut,"Rendu en retard") | K12: =COUNTIFS(EMP_Date,"<="&(EDATE(R_Mois,1)-1))-COUNTIFS(EMP_Date,"<="&(EDATE(R_Mois,1)-1),EMP_Retour,"<="&(EDATE(R_Mois,1)-1)) | M12: =COUNTIFS(EMP_Prevu,"<"&(EDATE(R_Mois,1)-1),EMP_Date,"<="&(EDATE(R_Mois,1)-1))-COUNTIFS(EMP_Prevu,"<"&(EDATE(R_Mois,1)-1),EMP_Retour,"<="&(EDATE(R_Mois,1)-1))
B13: =HYPERLINK("#'Mouvements'!A1","↕ Mouvements de stock")
B14: =HYPERLINK("#'Recherche'!A1","🔍 Recherche") | E14: Membres inscrits | G14: Nouveaux membres | I14: Titres au catalogue | K14: Amendes du mois | M14: dont encaissées
B15: =HYPERLINK("#'Rapport mensuel'!A1","🖨 Rapport mensuel") | E15: =COUNTIFS(MEM_Insc,"<="&(EDATE(R_Mois,1)-1)) | G15: =COUNTIFS(MEM_Insc,">="&R_Mois,MEM_Insc,"<="&(EDATE(R_Mois,1)-1)) | I15: =COUNTIF(LIV_Code,"?*") | K15: =SUMIFS(EMP_Amende,EMP_Retour,">="&R_Mois,EMP_Retour,"<"&EDATE(R_Mois,1)) | M15: =SUMIFS(EMP_Amende,EMP_Retour,">="&R_Mois,EMP_Retour,"<"&EDATE(R_Mois,1),EMP_Paye,"Oui")
B16: =HYPERLINK("#'Paramètres'!A1","⚙ Paramètres")
E17: 2. Fonds documentaire et emprunts par catégorie
B18: 🖨 Pour imprimer : | E18: Catégorie | G18: Titres | H18: Exemplaires | I18: Emprunts du mois | J18: Part des emprunts | K18: Sortis (fin de mois) | L18: Disponibles (fin de mois) | M18: Taux d'emprunt (emprunts / exemplaires)
B19: 1. Choisissez le mois (case bleue) 2. Fichier ▸ Imprimer (Ctrl+P / ⌘+P) 3. Le rapport tient sur 2 pages A4 | E19: =IF(INDEX(L_CatLivres,1)="","",INDEX(L_CatLivres,1)) | G19: =IF(INDEX(L_CatLivres,1)="","",COUNTIF(LIV_Cat,$E19)) | H19: =IF(INDEX(L_CatLivres,1)="","",SUMIF(LIV_Cat,$E19,LIV_Ex)) | I19: =IF(INDEX(L_CatLivres,1)="","",COUNTIFS(EMP_Cat,$E19,EMP_Date,">="&R_Mois,EMP_Date,"<"&EDATE(R_Mois,1))) | J19: =IF(INDEX(L_CatLivres,1)="","",IF($I$31=0,0,I19/$I$31)) | K19: =IF(INDEX(L_CatLivres,1)="","",COUNTIFS(EMP_Cat,$E19,EMP_Date,"<="&(EDATE(R_Mois,1)-1))-COUNTIFS(EMP_Cat,$E19,EMP_Date,"<="&(EDATE(R_Mois,1)-1),EMP_Retour,"<="&(EDATE(R_Mois,1)-1))) | L19: =IF(INDEX(L_CatLivres,1)="","",H19-K19) | M19: =IF(INDEX(L_CatLivres,1)="","",IF(H19=0,0,I19/H19))
E20: =IF(INDEX(L_CatLivres,2)="","",INDEX(L_CatLivres,2)) | G20: =IF(INDEX(L_CatLivres,2)="","",COUNTIF(LIV_Cat,$E20)) | H20: =IF(INDEX(L_CatLivres,2)="","",SUMIF(LIV_Cat,$E20,LIV_Ex)) | I20: =IF(INDEX(L_CatLivres,2)="","",COUNTIFS(EMP_Cat,$E20,EMP_Date,">="&R_Mois,EMP_Date,"<"&EDATE(R_Mois,1))) | J20: =IF(INDEX(L_CatLivres,2)="","",IF($I$31=0,0,I20/$I$31)) | K20: =IF(INDEX(L_CatLivres,2)="","",COUNTIFS(EMP_Cat,$E20,EMP_Date,"<="&(EDATE(R_Mois,1)-1))-COUNTIFS(EMP_Cat,$E20,EMP_Date,"<="&(EDATE(R_Mois,1)-1),EMP_Retour,"<="&(EDATE(R_Mois,1)-1))) | L20: =IF(INDEX(L_CatLivres,2)="","",H20-K20) | M20: =IF(INDEX(L_CatLivres,2)="","",IF(H20=0,0,I20/H20))
E21: =IF(INDEX(L_CatLivres,3)="","",INDEX(L_CatLivres,3)) | G21: =IF(INDEX(L_CatLivres,3)="","",COUNTIF(LIV_Cat,$E21)) | H21: =IF(INDEX(L_CatLivres,3)="","",SUMIF(LIV_Cat,$E21,LIV_Ex)) | I21: =IF(INDEX(L_CatLivres,3)="","",COUNTIFS(EMP_Cat,$E21,EMP_Date,">="&R_Mois,EMP_Date,"<"&EDATE(R_Mois,1))) | J21: =IF(INDEX(L_CatLivres,3)="","",IF($I$31=0,0,I21/$I$31)) | K21: =IF(INDEX(L_CatLivres,3)="","",COUNTIFS(EMP_Cat,$E21,EMP_Date,"<="&(EDATE(R_Mois,1)-1))-COUNTIFS(EMP_Cat,$E21,EMP_Date,"<="&(EDATE(R_Mois,1)-1),EMP_Retour,"<="&(EDATE(R_Mois,1)-1))) | L21: =IF(INDEX(L_CatLivres,3)="","",H21-K21) | M21: =IF(INDEX(L_CatLivres,3)="","",IF(H21=0,0,I21/H21))
E22: =IF(INDEX(L_CatLivres,4)="","",INDEX(L_CatLivres,4)) | G22: =IF(INDEX(L_CatLivres,4)="","",COUNTIF(LIV_Cat,$E22)) | H22: =IF(INDEX(L_CatLivres,4)="","",SUMIF(LIV_Cat,$E22,LIV_Ex)) | I22: =IF(INDEX(L_CatLivres,4)="","",COUNTIFS(EMP_Cat,$E22,EMP_Date,">="&R_Mois,EMP_Date,"<"&EDATE(R_Mois,1))) | J22: =IF(INDEX(L_CatLivres,4)="","",IF($I$31=0,0,I22/$I$31)) | K22: =IF(INDEX(L_CatLivres,4)="","",COUNTIFS(EMP_Cat,$E22,EMP_Date,"<="&(EDATE(R_Mois,1)-1))-COUNTIFS(EMP_Cat,$E22,EMP_Date,"<="&(EDATE(R_Mois,1)-1),EMP_Retour,"<="&(EDATE(R_Mois,1)-1))) | L22: =IF(INDEX(L_CatLivres,4)="","",H22-K22) | M22: =IF(INDEX(L_CatLivres,4)="","",IF(H22=0,0,I22/H22))
E23: =IF(INDEX(L_CatLivres,5)="","",INDEX(L_CatLivres,5)) | G23: =IF(INDEX(L_CatLivres,5)="","",COUNTIF(LIV_Cat,$E23)) | H23: =IF(INDEX(L_CatLivres,5)="","",SUMIF(LIV_Cat,$E23,LIV_Ex)) | I23: =IF(INDEX(L_CatLivres,5)="","",COUNTIFS(EMP_Cat,$E23,EMP_Date,">="&R_Mois,EMP_Date,"<"&EDATE(R_Mois,1))) | J23: =IF(INDEX(L_CatLivres,5)="","",IF($I$31=0,0,I23/$I$31)) | K23: =IF(INDEX(L_CatLivres,5)="","",COUNTIFS(EMP_Cat,$E23,EMP_Date,"<="&(EDATE(R_Mois,1)-1))-COUNTIFS(EMP_Cat,$E23,EMP_Date,"<="&(EDATE(R_Mois,1)-1),EMP_Retour,"<="&(EDATE(R_Mois,1)-1))) | L23: =IF(INDEX(L_CatLivres,5)="","",H23-K23) | M23: =IF(INDEX(L_CatLivres,5)="","",IF(H23=0,0,I23/H23))
E24: =IF(INDEX(L_CatLivres,6)="","",INDEX(L_CatLivres,6)) | G24: =IF(INDEX(L_CatLivres,6)="","",COUNTIF(LIV_Cat,$E24)) | H24: =IF(INDEX(L_CatLivres,6)="","",SUMIF(LIV_Cat,$E24,LIV_Ex)) | I24: =IF(INDEX(L_CatLivres,6)="","",COUNTIFS(EMP_Cat,$E24,EMP_Date,">="&R_Mois,EMP_Date,"<"&EDATE(R_Mois,1))) | J24: =IF(INDEX(L_CatLivres,6)="","",IF($I$31=0,0,I24/$I$31)) | K24: =IF(INDEX(L_CatLivres,6)="","",COUNTIFS(EMP_Cat,$E24,EMP_Date,"<="&(EDATE(R_Mois,1)-1))-COUNTIFS(EMP_Cat,$E24,EMP_Date,"<="&(EDATE(R_Mois,1)-1),EMP_Retour,"<="&(EDATE(R_Mois,1)-1))) | L24: =IF(INDEX(L_CatLivres,6)="","",H24-K24) | M24: =IF(INDEX(L_CatLivres,6)="","",IF(H24=0,0,I24/H24))
E25: =IF(INDEX(L_CatLivres,7)="","",INDEX(L_CatLivres,7)) | G25: =IF(INDEX(L_CatLivres,7)="","",COUNTIF(LIV_Cat,$E25)) | H25: =IF(INDEX(L_CatLivres,7)="","",SUMIF(LIV_Cat,$E25,LIV_Ex)) | I25: =IF(INDEX(L_CatLivres,7)="","",COUNTIFS(EMP_Cat,$E25,EMP_Date,">="&R_Mois,EMP_Date,"<"&EDATE(R_Mois,1))) | J25: =IF(INDEX(L_CatLivres,7)="","",IF($I$31=0,0,I25/$I$31)) | K25: =IF(INDEX(L_CatLivres,7)="","",COUNTIFS(EMP_Cat,$E25,EMP_Date,"<="&(EDATE(R_Mois,1)-1))-COUNTIFS(EMP_Cat,$E25,EMP_Date,"<="&(EDATE(R_Mois,1)-1),EMP_Retour,"<="&(EDATE(R_Mois,1)-1))) | L25: =IF(INDEX(L_CatLivres,7)="","",H25-K25) | M25: =IF(INDEX(L_CatLivres,7)="","",IF(H25=0,0,I25/H25))
E26: =IF(INDEX(L_CatLivres,8)="","",INDEX(L_CatLivres,8)) | G26: =IF(INDEX(L_CatLivres,8)="","",COUNTIF(LIV_Cat,$E26)) | H26: =IF(INDEX(L_CatLivres,8)="","",SUMIF(LIV_Cat,$E26,LIV_Ex)) | I26: =IF(INDEX(L_CatLivres,8)="","",COUNTIFS(EMP_Cat,$E26,EMP_Date,">="&R_Mois,EMP_Date,"<"&EDATE(R_Mois,1))) | J26: =IF(INDEX(L_CatLivres,8)="","",IF($I$31=0,0,I26/$I$31)) | K26: =IF(INDEX(L_CatLivres,8)="","",COUNTIFS(EMP_Cat,$E26,EMP_Date,"<="&(EDATE(R_Mois,1)-1))-COUNTIFS(EMP_Cat,$E26,EMP_Date,"<="&(EDATE(R_Mois,1)-1),EMP_Retour,"<="&(EDATE(R_Mois,1)-1))) | L26: =IF(INDEX(L_CatLivres,8)="","",H26-K26) | M26: =IF(INDEX(L_CatLivres,8)="","",IF(H26=0,0,I26/H26))
E27: =IF(INDEX(L_CatLivres,9)="","",INDEX(L_CatLivres,9)) | G27: =IF(INDEX(L_CatLivres,9)="","",COUNTIF(LIV_Cat,$E27)) | H27: =IF(INDEX(L_CatLivres,9)="","",SUMIF(LIV_Cat,$E27,LIV_Ex)) | I27: =IF(INDEX(L_CatLivres,9)="","",COUNTIFS(EMP_Cat,$E27,EMP_Date,">="&R_Mois,EMP_Date,"<"&EDATE(R_Mois,1))) | J27: =IF(INDEX(L_CatLivres,9)="","",IF($I$31=0,0,I27/$I$31)) | K27: =IF(INDEX(L_CatLivres,9)="","",COUNTIFS(EMP_Cat,$E27,EMP_Date,"<="&(EDATE(R_Mois,1)-1))-COUNTIFS(EMP_Cat,$E27,EMP_Date,"<="&(EDATE(R_Mois,1)-1),EMP_Retour,"<="&(EDATE(R_Mois,1)-1))) | L27: =IF(INDEX(L_CatLivres,9)="","",H27-K27) | M27: =IF(INDEX(L_CatLivres,9)="","",IF(H27=0,0,I27/H27))
E28: =IF(INDEX(L_CatLivres,10)="","",INDEX(L_CatLivres,10)) | G28: =IF(INDEX(L_CatLivres,10)="","",COUNTIF(LIV_Cat,$E28)) | H28: =IF(INDEX(L_CatLivres,10)="","",SUMIF(LIV_Cat,$E28,LIV_Ex)) | I28: =IF(INDEX(L_CatLivres,10)="","",COUNTIFS(EMP_Cat,$E28,EMP_Date,">="&R_Mois,EMP_Date,"<"&EDATE(R_Mois,1))) | J28: =IF(INDEX(L_CatLivres,10)="","",IF($I$31=0,0,I28/$I$31)) | K28: =IF(INDEX(L_CatLivres,10)="","",COUNTIFS(EMP_Cat,$E28,EMP_Date,"<="&(EDATE(R_Mois,1)-1))-COUNTIFS(EMP_Cat,$E28,EMP_Date,"<="&(EDATE(R_Mois,1)-1),EMP_Retour,"<="&(EDATE(R_Mois,1)-1))) | L28: =IF(INDEX(L_CatLivres,10)="","",H28-K28) | M28: =IF(INDEX(L_CatLivres,10)="","",IF(H28=0,0,I28/H28))
E29: =IF(INDEX(L_CatLivres,11)="","",INDEX(L_CatLivres,11)) | G29: =IF(INDEX(L_CatLivres,11)="","",COUNTIF(LIV_Cat,$E29)) | H29: =IF(INDEX(L_CatLivres,11)="","",SUMIF(LIV_Cat,$E29,LIV_Ex)) | I29: =IF(INDEX(L_CatLivres,11)="","",COUNTIFS(EMP_Cat,$E29,EMP_Date,">="&R_Mois,EMP_Date,"<"&EDATE(R_Mois,1))) | J29: =IF(INDEX(L_CatLivres,11)="","",IF($I$31=0,0,I29/$I$31)) | K29: =IF(INDEX(L_CatLivres,11)="","",COUNTIFS(EMP_Cat,$E29,EMP_Date,"<="&(EDATE(R_Mois,1)-1))-COUNTIFS(EMP_Cat,$E29,EMP_Date,"<="&(EDATE(R_Mois,1)-1),EMP_Retour,"<="&(EDATE(R_Mois,1)-1))) | L29: =IF(INDEX(L_CatLivres,11)="","",H29-K29) | M29: =IF(INDEX(L_CatLivres,11)="","",IF(H29=0,0,I29/H29))
E30: =IF(INDEX(L_CatLivres,12)="","",INDEX(L_CatLivres,12)) | G30: =IF(INDEX(L_CatLivres,12)="","",COUNTIF(LIV_Cat,$E30)) | H30: =IF(INDEX(L_CatLivres,12)="","",SUMIF(LIV_Cat,$E30,LIV_Ex)) | I30: =IF(INDEX(L_CatLivres,12)="","",COUNTIFS(EMP_Cat,$E30,EMP_Date,">="&R_Mois,EMP_Date,"<"&EDATE(R_Mois,1))) | J30: =IF(INDEX(L_CatLivres,12)="","",IF($I$31=0,0,I30/$I$31)) | K30: =IF(INDEX(L_CatLivres,12)="","",COUNTIFS(EMP_Cat,$E30,EMP_Date,"<="&(EDATE(R_Mois,1)-1))-COUNTIFS(EMP_Cat,$E30,EMP_Date,"<="&(EDATE(R_Mois,1)-1),EMP_Retour,"<="&(EDATE(R_Mois,1)-1))) | L30: =IF(INDEX(L_CatLivres,12)="","",H30-K30) | M30: =IF(INDEX(L_CatLivres,12)="","",IF(H30=0,0,I30/H30))
E31: TOTAL | G31: =SUM(G19:G30) | H31: =SUM(H19:H30) | I31: =SUM(I19:I30) | J31: =IF(I31=0,0,1) | K31: =SUM(K19:K30) | L31: =SUM(L19:L30) | M31: =IF(H31=0,0,I31/H31)
E33: 3. Les 5 livres les plus empruntés du mois
E34: Rang | F34: Titre | I34: Auteur | L34: Catégorie | N34: Emprunts
E35: =IF(COUNT(LIV_ScoreMois)<1,"",1) | F35: =IFERROR(INDEX(LIV_Titre,MATCH(LARGE(LIV_ScoreMois,1),LIV_ScoreMois,0)),"") | I35: =IFERROR(INDEX(LIV_Auteur,MATCH(LARGE(LIV_ScoreMois,1),LIV_ScoreMois,0)),"") | L35: =IFERROR(INDEX(LIV_Cat,MATCH(LARGE(LIV_ScoreMois,1),LIV_ScoreMois,0)),"") | N35: =IFERROR(INT(LARGE(LIV_ScoreMois,1)),"")
E36: =IF(COUNT(LIV_ScoreMois)<2,"",2) | F36: =IFERROR(INDEX(LIV_Titre,MATCH(LARGE(LIV_ScoreMois,2),LIV_ScoreMois,0)),"") | I36: =IFERROR(INDEX(LIV_Auteur,MATCH(LARGE(LIV_ScoreMois,2),LIV_ScoreMois,0)),"") | L36: =IFERROR(INDEX(LIV_Cat,MATCH(LARGE(LIV_ScoreMois,2),LIV_ScoreMois,0)),"") | N36: =IFERROR(INT(LARGE(LIV_ScoreMois,2)),"")
E37: =IF(COUNT(LIV_ScoreMois)<3,"",3) | F37: =IFERROR(INDEX(LIV_Titre,MATCH(LARGE(LIV_ScoreMois,3),LIV_ScoreMois,0)),"") | I37: =IFERROR(INDEX(LIV_Auteur,MATCH(LARGE(LIV_ScoreMois,3),LIV_ScoreMois,0)),"") | L37: =IFERROR(INDEX(LIV_Cat,MATCH(LARGE(LIV_ScoreMois,3),LIV_ScoreMois,0)),"") | N37: =IFERROR(INT(LARGE(LIV_ScoreMois,3)),"")
E38: =IF(COUNT(LIV_ScoreMois)<4,"",4) | F38: =IFERROR(INDEX(LIV_Titre,MATCH(LARGE(LIV_ScoreMois,4),LIV_ScoreMois,0)),"") | I38: =IFERROR(INDEX(LIV_Auteur,MATCH(LARGE(LIV_ScoreMois,4),LIV_ScoreMois,0)),"") | L38: =IFERROR(INDEX(LIV_Cat,MATCH(LARGE(LIV_ScoreMois,4),LIV_ScoreMois,0)),"") | N38: =IFERROR(INT(LARGE(LIV_ScoreMois,4)),"")
E39: =IF(COUNT(LIV_ScoreMois)<5,"",5) | F39: =IFERROR(INDEX(LIV_Titre,MATCH(LARGE(LIV_ScoreMois,5),LIV_ScoreMois,0)),"") | I39: =IFERROR(INDEX(LIV_Auteur,MATCH(LARGE(LIV_ScoreMois,5),LIV_ScoreMois,0)),"") | L39: =IFERROR(INDEX(LIV_Cat,MATCH(LARGE(LIV_ScoreMois,5),LIV_ScoreMois,0)),"") | N39: =IFERROR(INT(LARGE(LIV_ScoreMois,5)),"")
E40: =IF(COUNT(LIV_ScoreMois)=0,"Aucun emprunt enregistré pour ce mois.","")
E42: 4. État du stock des fournitures
E43: Article | G43: Unité | H43: Stock début de mois | I43: Entrées du mois | J43: Sorties du mois | K43: Stock fin de mois | L43: Seuil minimum | M43: Statut | N43: Valeur (FC)
E44: =IF($P44="","",INDEX(FOU_Article,MATCH($P44,FOU_Code,0))) | G44: =IF($P44="","",INDEX(FOU_Unite,MATCH($P44,FOU_Code,0))) | H44: =IF($P44="","",INDEX('Fournitures'!$I$7:$I$206,MATCH($P44,FOU_Code,0))+SUMIFS(MOV_Qte,MOV_Code,$P44,MOV_Type,"Entrée",MOV_Date,"<"&R_Mois)-SUMIFS(MOV_Qte,MOV_Code,$P44,MOV_Type,"Sortie",MOV_Date,"<"&R_Mois)) | I44: =IF($P44="","",SUMIFS(MOV_Qte,MOV_Code,$P44,MOV_Type,"Entrée",MOV_Date,">="&R_Mois,MOV_Date,"<"&EDATE(R_Mois,1))) | J44: =IF($P44="","",SUMIFS(MOV_Qte,MOV_Code,$P44,MOV_Type,"Sortie",MOV_Date,">="&R_Mois,MOV_Date,"<"&EDATE(R_Mois,1))) | K44: =IF($P44="","",H44+I44-J44) | L44: =IF($P44="","",INDEX(FOU_Seuil,MATCH($P44,FOU_Code,0))) | M44: =IF($P44="","",IF(K44<=0,"Rupture",IF(K44<=L44,"Stock faible","En stock"))) | N44: =IF($P44="","",K44*INDEX('Fournitures'!$K$7:$K$206,MATCH($P44,FOU_Code,0))) | P44: =IF(1>COUNTIF(FOU_Code,"?*"),"",INDEX(FOU_Code,1))
E45: =IF($P45="","",INDEX(FOU_Article,MATCH($P45,FOU_Code,0))) | G45: =IF($P45="","",INDEX(FOU_Unite,MATCH($P45,FOU_Code,0))) | H45: =IF($P45="","",INDEX('Fournitures'!$I$7:$I$206,MATCH($P45,FOU_Code,0))+SUMIFS(MOV_Qte,MOV_Code,$P45,MOV_Type,"Entrée",MOV_Date,"<"&R_Mois)-SUMIFS(MOV_Qte,MOV_Code,$P45,MOV_Type,"Sortie",MOV_Date,"<"&R_Mois)) | I45: =IF($P45="","",SUMIFS(MOV_Qte,MOV_Code,$P45,MOV_Type,"Entrée",MOV_Date,">="&R_Mois,MOV_Date,"<"&EDATE(R_Mois,1))) | J45: =IF($P45="","",SUMIFS(MOV_Qte,MOV_Code,$P45,MOV_Type,"Sortie",MOV_Date,">="&R_Mois,MOV_Date,"<"&EDATE(R_Mois,1))) | K45: =IF($P45="","",H45+I45-J45) | L45: =IF($P45="","",INDEX(FOU_Seuil,MATCH($P45,FOU_Code,0))) | M45: =IF($P45="","",IF(K45<=0,"Rupture",IF(K45<=L45,"Stock faible","En stock"))) | N45: =IF($P45="","",K45*INDEX('Fournitures'!$K$7:$K$206,MATCH($P45,FOU_Code,0))) | P45: =IF(2>COUNTIF(FOU_Code,"?*"),"",INDEX(FOU_Code,2))
E46: =IF($P46="","",INDEX(FOU_Article,MATCH($P46,FOU_Code,0))) | G46: =IF($P46="","",INDEX(FOU_Unite,MATCH($P46,FOU_Code,0))) | H46: =IF($P46="","",INDEX('Fournitures'!$I$7:$I$206,MATCH($P46,FOU_Code,0))+SUMIFS(MOV_Qte,MOV_Code,$P46,MOV_Type,"Entrée",MOV_Date,"<"&R_Mois)-SUMIFS(MOV_Qte,MOV_Code,$P46,MOV_Type,"Sortie",MOV_Date,"<"&R_Mois)) | I46: =IF($P46="","",SUMIFS(MOV_Qte,MOV_Code,$P46,MOV_Type,"Entrée",MOV_Date,">="&R_Mois,MOV_Date,"<"&EDATE(R_Mois,1))) | J46: =IF($P46="","",SUMIFS(MOV_Qte,MOV_Code,$P46,MOV_Type,"Sortie",MOV_Date,">="&R_Mois,MOV_Date,"<"&EDATE(R_Mois,1))) | K46: =IF($P46="","",H46+I46-J46) | L46: =IF($P46="","",INDEX(FOU_Seuil,MATCH($P46,FOU_Code,0))) | M46: =IF($P46="","",IF(K46<=0,"Rupture",IF(K46<=L46,"Stock faible","En stock"))) | N46: =IF($P46="","",K46*INDEX('Fournitures'!$K$7:$K$206,MATCH($P46,FOU_Code,0))) | P46: =IF(3>COUNTIF(FOU_Code,"?*"),"",INDEX(FOU_Code,3))
E47: =IF($P47="","",INDEX(FOU_Article,MATCH($P47,FOU_Code,0))) | G47: =IF($P47="","",INDEX(FOU_Unite,MATCH($P47,FOU_Code,0))) | H47: =IF($P47="","",INDEX('Fournitures'!$I$7:$I$206,MATCH($P47,FOU_Code,0))+SUMIFS(MOV_Qte,MOV_Code,$P47,MOV_Type,"Entrée",MOV_Date,"<"&R_Mois)-SUMIFS(MOV_Qte,MOV_Code,$P47,MOV_Type,"Sortie",MOV_Date,"<"&R_Mois)) | I47: =IF($P47="","",SUMIFS(MOV_Qte,MOV_Code,$P47,MOV_Type,"Entrée",MOV_Date,">="&R_Mois,MOV_Date,"<"&EDATE(R_Mois,1))) | J47: =IF($P47="","",SUMIFS(MOV_Qte,MOV_Code,$P47,MOV_Type,"Sortie",MOV_Date,">="&R_Mois,MOV_Date,"<"&EDATE(R_Mois,1))) | K47: =IF($P47="","",H47+I47-J47) | L47: =IF($P47="","",INDEX(FOU_Seuil,MATCH($P47,FOU_Code,0))) | M47: =IF($P47="","",IF(K47<=0,"Rupture",IF(K47<=L47,"Stock faible","En stock"))) | N47: =IF($P47="","",K47*INDEX('Fournitures'!$K$7:$K$206,MATCH($P47,FOU_Code,0))) | P47: =IF(4>COUNTIF(FOU_Code,"?*"),"",INDEX(FOU_Code,4))
E48: =IF($P48="","",INDEX(FOU_Article,MATCH($P48,FOU_Code,0))) | G48: =IF($P48="","",INDEX(FOU_Unite,MATCH($P48,FOU_Code,0))) | H48: =IF($P48="","",INDEX('Fournitures'!$I$7:$I$206,MATCH($P48,FOU_Code,0))+SUMIFS(MOV_Qte,MOV_Code,$P48,MOV_Type,"Entrée",MOV_Date,"<"&R_Mois)-SUMIFS(MOV_Qte,MOV_Code,$P48,MOV_Type,"Sortie",MOV_Date,"<"&R_Mois)) | I48: =IF($P48="","",SUMIFS(MOV_Qte,MOV_Code,$P48,MOV_Type,"Entrée",MOV_Date,">="&R_Mois,MOV_Date,"<"&EDATE(R_Mois,1))) | J48: =IF($P48="","",SUMIFS(MOV_Qte,MOV_Code,$P48,MOV_Type,"Sortie",MOV_Date,">="&R_Mois,MOV_Date,"<"&EDATE(R_Mois,1))) | K48: =IF($P48="","",H48+I48-J48) | L48: =IF($P48="","",INDEX(FOU_Seuil,MATCH($P48,FOU_Code,0))) | M48: =IF($P48="","",IF(K48<=0,"Rupture",IF(K48<=L48,"Stock faible","En stock"))) | N48: =IF($P48="","",K48*INDEX('Fournitures'!$K$7:$K$206,MATCH($P48,FOU_Code,0))) | P48: =IF(5>COUNTIF(FOU_Code,"?*"),"",INDEX(FOU_Code,5))
E49: =IF($P49="","",INDEX(FOU_Article,MATCH($P49,FOU_Code,0))) | G49: =IF($P49="","",INDEX(FOU_Unite,MATCH($P49,FOU_Code,0))) | H49: =IF($P49="","",INDEX('Fournitures'!$I$7:$I$206,MATCH($P49,FOU_Code,0))+SUMIFS(MOV_Qte,MOV_Code,$P49,MOV_Type,"Entrée",MOV_Date,"<"&R_Mois)-SUMIFS(MOV_Qte,MOV_Code,$P49,MOV_Type,"Sortie",MOV_Date,"<"&R_Mois)) | I49: =IF($P49="","",SUMIFS(MOV_Qte,MOV_Code,$P49,MOV_Type,"Entrée",MOV_Date,">="&R_Mois,MOV_Date,"<"&EDATE(R_Mois,1))) | J49: =IF($P49="","",SUMIFS(MOV_Qte,MOV_Code,$P49,MOV_Type,"Sortie",MOV_Date,">="&R_Mois,MOV_Date,"<"&EDATE(R_Mois,1))) | K49: =IF($P49="","",H49+I49-J49) | L49: =IF($P49="","",INDEX(FOU_Seuil,MATCH($P49,FOU_Code,0))) | M49: =IF($P49="","",IF(K49<=0,"Rupture",IF(K49<=L49,"Stock faible","En stock"))) | N49: =IF($P49="","",K49*INDEX('Fournitures'!$K$7:$K$206,MATCH($P49,FOU_Code,0))) | P49: =IF(6>COUNTIF(FOU_Code,"?*"),"",INDEX(FOU_Code,6))
E50: =IF($P50="","",INDEX(FOU_Article,MATCH($P50,FOU_Code,0))) | G50: =IF($P50="","",INDEX(FOU_Unite,MATCH($P50,FOU_Code,0))) | H50: =IF($P50="","",INDEX('Fournitures'!$I$7:$I$206,MATCH($P50,FOU_Code,0))+SUMIFS(MOV_Qte,MOV_Code,$P50,MOV_Type,"Entrée",MOV_Date,"<"&R_Mois)-SUMIFS(MOV_Qte,MOV_Code,$P50,MOV_Type,"Sortie",MOV_Date,"<"&R_Mois)) | I50: =IF($P50="","",SUMIFS(MOV_Qte,MOV_Code,$P50,MOV_Type,"Entrée",MOV_Date,">="&R_Mois,MOV_Date,"<"&EDATE(R_Mois,1))) | J50: =IF($P50="","",SUMIFS(MOV_Qte,MOV_Code,$P50,MOV_Type,"Sortie",MOV_Date,">="&R_Mois,MOV_Date,"<"&EDATE(R_Mois,1))) | K50: =IF($P50="","",H50+I50-J50) | L50: =IF($P50="","",INDEX(FOU_Seuil,MATCH($P50,FOU_Code,0))) | M50: =IF($P50="","",IF(K50<=0,"Rupture",IF(K50<=L50,"Stock faible","En stock"))) | N50: =IF($P50="","",K50*INDEX('Fournitures'!$K$7:$K$206,MATCH($P50,FOU_Code,0))) | P50: =IF(7>COUNTIF(FOU_Code,"?*"),"",INDEX(FOU_Code,7))
E51: =IF($P51="","",INDEX(FOU_Article,MATCH($P51,FOU_Code,0))) | G51: =IF($P51="","",INDEX(FOU_Unite,MATCH($P51,FOU_Code,0))) | H51: =IF($P51="","",INDEX('Fournitures'!$I$7:$I$206,MATCH($P51,FOU_Code,0))+SUMIFS(MOV_Qte,MOV_Code,$P51,MOV_Type,"Entrée",MOV_Date,"<"&R_Mois)-SUMIFS(MOV_Qte,MOV_Code,$P51,MOV_Type,"Sortie",MOV_Date,"<"&R_Mois)) | I51: =IF($P51="","",SUMIFS(MOV_Qte,MOV_Code,$P51,MOV_Type,"Entrée",MOV_Date,">="&R_Mois,MOV_Date,"<"&EDATE(R_Mois,1))) | J51: =IF($P51="","",SUMIFS(MOV_Qte,MOV_Code,$P51,MOV_Type,"Sortie",MOV_Date,">="&R_Mois,MOV_Date,"<"&EDATE(R_Mois,1))) | K51: =IF($P51="","",H51+I51-J51) | L51: =IF($P51="","",INDEX(FOU_Seuil,MATCH($P51,FOU_Code,0))) | M51: =IF($P51="","",IF(K51<=0,"Rupture",IF(K51<=L51,"Stock faible","En stock"))) | N51: =IF($P51="","",K51*INDEX('Fournitures'!$K$7:$K$206,MATCH($P51,FOU_Code,0))) | P51: =IF(8>COUNTIF(FOU_Code,"?*"),"",INDEX(FOU_Code,8))
E52: =IF($P52="","",INDEX(FOU_Article,MATCH($P52,FOU_Code,0))) | G52: =IF($P52="","",INDEX(FOU_Unite,MATCH($P52,FOU_Code,0))) | H52: =IF($P52="","",INDEX('Fournitures'!$I$7:$I$206,MATCH($P52,FOU_Code,0))+SUMIFS(MOV_Qte,MOV_Code,$P52,MOV_Type,"Entrée",MOV_Date,"<"&R_Mois)-SUMIFS(MOV_Qte,MOV_Code,$P52,MOV_Type,"Sortie",MOV_Date,"<"&R_Mois)) | I52: =IF($P52="","",SUMIFS(MOV_Qte,MOV_Code,$P52,MOV_Type,"Entrée",MOV_Date,">="&R_Mois,MOV_Date,"<"&EDATE(R_Mois,1))) | J52: =IF($P52="","",SUMIFS(MOV_Qte,MOV_Code,$P52,MOV_Type,"Sortie",MOV_Date,">="&R_Mois,MOV_Date,"<"&EDATE(R_Mois,1))) | K52: =IF($P52="","",H52+I52-J52) | L52: =IF($P52="","",INDEX(FOU_Seuil,MATCH($P52,FOU_Code,0))) | M52: =IF($P52="","",IF(K52<=0,"Rupture",IF(K52<=L52,"Stock faible","En stock"))) | N52: =IF($P52="","",K52*INDEX('Fournitures'!$K$7:$K$206,MATCH($P52,FOU_Code,0))) | P52: =IF(9>COUNTIF(FOU_Code,"?*"),"",INDEX(FOU_Code,9))
E53: =IF($P53="","",INDEX(FOU_Article,MATCH($P53,FOU_Code,0))) | G53: =IF($P53="","",INDEX(FOU_Unite,MATCH($P53,FOU_Code,0))) | H53: =IF($P53="","",INDEX('Fournitures'!$I$7:$I$206,MATCH($P53,FOU_Code,0))+SUMIFS(MOV_Qte,MOV_Code,$P53,MOV_Type,"Entrée",MOV_Date,"<"&R_Mois)-SUMIFS(MOV_Qte,MOV_Code,$P53,MOV_Type,"Sortie",MOV_Date,"<"&R_Mois)) | I53: =IF($P53="","",SUMIFS(MOV_Qte,MOV_Code,$P53,MOV_Type,"Entrée",MOV_Date,">="&R_Mois,MOV_Date,"<"&EDATE(R_Mois,1))) | J53: =IF($P53="","",SUMIFS(MOV_Qte,MOV_Code,$P53,MOV_Type,"Sortie",MOV_Date,">="&R_Mois,MOV_Date,"<"&EDATE(R_Mois,1))) | K53: =IF($P53="","",H53+I53-J53) | L53: =IF($P53="","",INDEX(FOU_Seuil,MATCH($P53,FOU_Code,0))) | M53: =IF($P53="","",IF(K53<=0,"Rupture",IF(K53<=L53,"Stock faible","En stock"))) | N53: =IF($P53="","",K53*INDEX('Fournitures'!$K$7:$K$206,MATCH($P53,FOU_Code,0))) | P53: =IF(10>COUNTIF(FOU_Code,"?*"),"",INDEX(FOU_Code,10))
E54: =IF($P54="","",INDEX(FOU_Article,MATCH($P54,FOU_Code,0))) | G54: =IF($P54="","",INDEX(FOU_Unite,MATCH($P54,FOU_Code,0))) | H54: =IF($P54="","",INDEX('Fournitures'!$I$7:$I$206,MATCH($P54,FOU_Code,0))+SUMIFS(MOV_Qte,MOV_Code,$P54,MOV_Type,"Entrée",MOV_Date,"<"&R_Mois)-SUMIFS(MOV_Qte,MOV_Code,$P54,MOV_Type,"Sortie",MOV_Date,"<"&R_Mois)) | I54: =IF($P54="","",SUMIFS(MOV_Qte,MOV_Code,$P54,MOV_Type,"Entrée",MOV_Date,">="&R_Mois,MOV_Date,"<"&EDATE(R_Mois,1))) | J54: =IF($P54="","",SUMIFS(MOV_Qte,MOV_Code,$P54,MOV_Type,"Sortie",MOV_Date,">="&R_Mois,MOV_Date,"<"&EDATE(R_Mois,1))) | K54: =IF($P54="","",H54+I54-J54) | L54: =IF($P54="","",INDEX(FOU_Seuil,MATCH($P54,FOU_Code,0))) | M54: =IF($P54="","",IF(K54<=0,"Rupture",IF(K54<=L54,"Stock faible","En stock"))) | N54: =IF($P54="","",K54*INDEX('Fournitures'!$K$7:$K$206,MATCH($P54,FOU_Code,0))) | P54: =IF(11>COUNTIF(FOU_Code,"?*"),"",INDEX(FOU_Code,11))
E55: =IF($P55="","",INDEX(FOU_Article,MATCH($P55,FOU_Code,0))) | G55: =IF($P55="","",INDEX(FOU_Unite,MATCH($P55,FOU_Code,0))) | H55: =IF($P55="","",INDEX('Fournitures'!$I$7:$I$206,MATCH($P55,FOU_Code,0))+SUMIFS(MOV_Qte,MOV_Code,$P55,MOV_Type,"Entrée",MOV_Date,"<"&R_Mois)-SUMIFS(MOV_Qte,MOV_Code,$P55,MOV_Type,"Sortie",MOV_Date,"<"&R_Mois)) | I55: =IF($P55="","",SUMIFS(MOV_Qte,MOV_Code,$P55,MOV_Type,"Entrée",MOV_Date,">="&R_Mois,MOV_Date,"<"&EDATE(R_Mois,1))) | J55: =IF($P55="","",SUMIFS(MOV_Qte,MOV_Code,$P55,MOV_Type,"Sortie",MOV_Date,">="&R_Mois,MOV_Date,"<"&EDATE(R_Mois,1))) | K55: =IF($P55="","",H55+I55-J55) | L55: =IF($P55="","",INDEX(FOU_Seuil,MATCH($P55,FOU_Code,0))) | M55: =IF($P55="","",IF(K55<=0,"Rupture",IF(K55<=L55,"Stock faible","En stock"))) | N55: =IF($P55="","",K55*INDEX('Fournitures'!$K$7:$K$206,MATCH($P55,FOU_Code,0))) | P55: =IF(12>COUNTIF(FOU_Code,"?*"),"",INDEX(FOU_Code,12))
E56: =IF($P56="","",INDEX(FOU_Article,MATCH($P56,FOU_Code,0))) | G56: =IF($P56="","",INDEX(FOU_Unite,MATCH($P56,FOU_Code,0))) | H56: =IF($P56="","",INDEX('Fournitures'!$I$7:$I$206,MATCH($P56,FOU_Code,0))+SUMIFS(MOV_Qte,MOV_Code,$P56,MOV_Type,"Entrée",MOV_Date,"<"&R_Mois)-SUMIFS(MOV_Qte,MOV_Code,$P56,MOV_Type,"Sortie",MOV_Date,"<"&R_Mois)) | I56: =IF($P56="","",SUMIFS(MOV_Qte,MOV_Code,$P56,MOV_Type,"Entrée",MOV_Date,">="&R_Mois,MOV_Date,"<"&EDATE(R_Mois,1))) | J56: =IF($P56="","",SUMIFS(MOV_Qte,MOV_Code,$P56,MOV_Type,"Sortie",MOV_Date,">="&R_Mois,MOV_Date,"<"&EDATE(R_Mois,1))) | K56: =IF($P56="","",H56+I56-J56) | L56: =IF($P56="","",INDEX(FOU_Seuil,MATCH($P56,FOU_Code,0))) | M56: =IF($P56="","",IF(K56<=0,"Rupture",IF(K56<=L56,"Stock faible","En stock"))) | N56: =IF($P56="","",K56*INDEX('Fournitures'!$K$7:$K$206,MATCH($P56,FOU_Code,0))) | P56: =IF(13>COUNTIF(FOU_Code,"?*"),"",INDEX(FOU_Code,13))
E57: =IF($P57="","",INDEX(FOU_Article,MATCH($P57,FOU_Code,0))) | G57: =IF($P57="","",INDEX(FOU_Unite,MATCH($P57,FOU_Code,0))) | H57: =IF($P57="","",INDEX('Fournitures'!$I$7:$I$206,MATCH($P57,FOU_Code,0))+SUMIFS(MOV_Qte,MOV_Code,$P57,MOV_Type,"Entrée",MOV_Date,"<"&R_Mois)-SUMIFS(MOV_Qte,MOV_Code,$P57,MOV_Type,"Sortie",MOV_Date,"<"&R_Mois)) | I57: =IF($P57="","",SUMIFS(MOV_Qte,MOV_Code,$P57,MOV_Type,"Entrée",MOV_Date,">="&R_Mois,MOV_Date,"<"&EDATE(R_Mois,1))) | J57: =IF($P57="","",SUMIFS(MOV_Qte,MOV_Code,$P57,MOV_Type,"Sortie",MOV_Date,">="&R_Mois,MOV_Date,"<"&EDATE(R_Mois,1))) | K57: =IF($P57="","",H57+I57-J57) | L57: =IF($P57="","",INDEX(FOU_Seuil,MATCH($P57,FOU_Code,0))) | M57: =IF($P57="","",IF(K57<=0,"Rupture",IF(K57<=L57,"Stock faible","En stock"))) | N57: =IF($P57="","",K57*INDEX('Fournitures'!$K$7:$K$206,MATCH($P57,FOU_Code,0))) | P57: =IF(14>COUNTIF(FOU_Code,"?*"),"",INDEX(FOU_Code,14))
E58: =IF($P58="","",INDEX(FOU_Article,MATCH($P58,FOU_Code,0))) | G58: =IF($P58="","",INDEX(FOU_Unite,MATCH($P58,FOU_Code,0))) | H58: =IF($P58="","",INDEX('Fournitures'!$I$7:$I$206,MATCH($P58,FOU_Code,0))+SUMIFS(MOV_Qte,MOV_Code,$P58,MOV_Type,"Entrée",MOV_Date,"<"&R_Mois)-SUMIFS(MOV_Qte,MOV_Code,$P58,MOV_Type,"Sortie",MOV_Date,"<"&R_Mois)) | I58: =IF($P58="","",SUMIFS(MOV_Qte,MOV_Code,$P58,MOV_Type,"Entrée",MOV_Date,">="&R_Mois,MOV_Date,"<"&EDATE(R_Mois,1))) | J58: =IF($P58="","",SUMIFS(MOV_Qte,MOV_Code,$P58,MOV_Type,"Sortie",MOV_Date,">="&R_Mois,MOV_Date,"<"&EDATE(R_Mois,1))) | K58: =IF($P58="","",H58+I58-J58) | L58: =IF($P58="","",INDEX(FOU_Seuil,MATCH($P58,FOU_Code,0))) | M58: =IF($P58="","",IF(K58<=0,"Rupture",IF(K58<=L58,"Stock faible","En stock"))) | N58: =IF($P58="","",K58*INDEX('Fournitures'!$K$7:$K$206,MATCH($P58,FOU_Code,0))) | P58: =IF(15>COUNTIF(FOU_Code,"?*"),"",INDEX(FOU_Code,15))
E59: =IF($P59="","",INDEX(FOU_Article,MATCH($P59,FOU_Code,0))) | G59: =IF($P59="","",INDEX(FOU_Unite,MATCH($P59,FOU_Code,0))) | H59: =IF($P59="","",INDEX('Fournitures'!$I$7:$I$206,MATCH($P59,FOU_Code,0))+SUMIFS(MOV_Qte,MOV_Code,$P59,MOV_Type,"Entrée",MOV_Date,"<"&R_Mois)-SUMIFS(MOV_Qte,MOV_Code,$P59,MOV_Type,"Sortie",MOV_Date,"<"&R_Mois)) | I59: =IF($P59="","",SUMIFS(MOV_Qte,MOV_Code,$P59,MOV_Type,"Entrée",MOV_Date,">="&R_Mois,MOV_Date,"<"&EDATE(R_Mois,1))) | J59: =IF($P59="","",SUMIFS(MOV_Qte,MOV_Code,$P59,MOV_Type,"Sortie",MOV_Date,">="&R_Mois,MOV_Date,"<"&EDATE(R_Mois,1))) | K59: =IF($P59="","",H59+I59-J59) | L59: =IF($P59="","",INDEX(FOU_Seuil,MATCH($P59,FOU_Code,0))) | M59: =IF($P59="","",IF(K59<=0,"Rupture",IF(K59<=L59,"Stock faible","En stock"))) | N59: =IF($P59="","",K59*INDEX('Fournitures'!$K$7:$K$206,MATCH($P59,FOU_Code,0))) | P59: =IF(16>COUNTIF(FOU_Code,"?*"),"",INDEX(FOU_Code,16))
E60: =IF($P60="","",INDEX(FOU_Article,MATCH($P60,FOU_Code,0))) | G60: =IF($P60="","",INDEX(FOU_Unite,MATCH($P60,FOU_Code,0))) | H60: =IF($P60="","",INDEX('Fournitures'!$I$7:$I$206,MATCH($P60,FOU_Code,0))+SUMIFS(MOV_Qte,MOV_Code,$P60,MOV_Type,"Entrée",MOV_Date,"<"&R_Mois)-SUMIFS(MOV_Qte,MOV_Code,$P60,MOV_Type,"Sortie",MOV_Date,"<"&R_Mois)) | I60: =IF($P60="","",SUMIFS(MOV_Qte,MOV_Code,$P60,MOV_Type,"Entrée",MOV_Date,">="&R_Mois,MOV_Date,"<"&EDATE(R_Mois,1))) | J60: =IF($P60="","",SUMIFS(MOV_Qte,MOV_Code,$P60,MOV_Type,"Sortie",MOV_Date,">="&R_Mois,MOV_Date,"<"&EDATE(R_Mois,1))) | K60: =IF($P60="","",H60+I60-J60) | L60: =IF($P60="","",INDEX(FOU_Seuil,MATCH($P60,FOU_Code,0))) | M60: =IF($P60="","",IF(K60<=0,"Rupture",IF(K60<=L60,"Stock faible","En stock"))) | N60: =IF($P60="","",K60*INDEX('Fournitures'!$K$7:$K$206,MATCH($P60,FOU_Code,0))) | P60: =IF(17>COUNTIF(FOU_Code,"?*"),"",INDEX(FOU_Code,17))
E61: =IF($P61="","",INDEX(FOU_Article,MATCH($P61,FOU_Code,0))) | G61: =IF($P61="","",INDEX(FOU_Unite,MATCH($P61,FOU_Code,0))) | H61: =IF($P61="","",INDEX('Fournitures'!$I$7:$I$206,MATCH($P61,FOU_Code,0))+SUMIFS(MOV_Qte,MOV_Code,$P61,MOV_Type,"Entrée",MOV_Date,"<"&R_Mois)-SUMIFS(MOV_Qte,MOV_Code,$P61,MOV_Type,"Sortie",MOV_Date,"<"&R_Mois)) | I61: =IF($P61="","",SUMIFS(MOV_Qte,MOV_Code,$P61,MOV_Type,"Entrée",MOV_Date,">="&R_Mois,MOV_Date,"<"&EDATE(R_Mois,1))) | J61: =IF($P61="","",SUMIFS(MOV_Qte,MOV_Code,$P61,MOV_Type,"Sortie",MOV_Date,">="&R_Mois,MOV_Date,"<"&EDATE(R_Mois,1))) | K61: =IF($P61="","",H61+I61-J61) | L61: =IF($P61="","",INDEX(FOU_Seuil,MATCH($P61,FOU_Code,0))) | M61: =IF($P61="","",IF(K61<=0,"Rupture",IF(K61<=L61,"Stock faible","En stock"))) | N61: =IF($P61="","",K61*INDEX('Fournitures'!$K$7:$K$206,MATCH($P61,FOU_Code,0))) | P61: =IF(18>COUNTIF(FOU_Code,"?*"),"",INDEX(FOU_Code,18))
E62: =IF($P62="","",INDEX(FOU_Article,MATCH($P62,FOU_Code,0))) | G62: =IF($P62="","",INDEX(FOU_Unite,MATCH($P62,FOU_Code,0))) | H62: =IF($P62="","",INDEX('Fournitures'!$I$7:$I$206,MATCH($P62,FOU_Code,0))+SUMIFS(MOV_Qte,MOV_Code,$P62,MOV_Type,"Entrée",MOV_Date,"<"&R_Mois)-SUMIFS(MOV_Qte,MOV_Code,$P62,MOV_Type,"Sortie",MOV_Date,"<"&R_Mois)) | I62: =IF($P62="","",SUMIFS(MOV_Qte,MOV_Code,$P62,MOV_Type,"Entrée",MOV_Date,">="&R_Mois,MOV_Date,"<"&EDATE(R_Mois,1))) | J62: =IF($P62="","",SUMIFS(MOV_Qte,MOV_Code,$P62,MOV_Type,"Sortie",MOV_Date,">="&R_Mois,MOV_Date,"<"&EDATE(R_Mois,1))) | K62: =IF($P62="","",H62+I62-J62) | L62: =IF($P62="","",INDEX(FOU_Seuil,MATCH($P62,FOU_Code,0))) | M62: =IF($P62="","",IF(K62<=0,"Rupture",IF(K62<=L62,"Stock faible","En stock"))) | N62: =IF($P62="","",K62*INDEX('Fournitures'!$K$7:$K$206,MATCH($P62,FOU_Code,0))) | P62: =IF(19>COUNTIF(FOU_Code,"?*"),"",INDEX(FOU_Code,19))
E63: =IF($P63="","",INDEX(FOU_Article,MATCH($P63,FOU_Code,0))) | G63: =IF($P63="","",INDEX(FOU_Unite,MATCH($P63,FOU_Code,0))) | H63: =IF($P63="","",INDEX('Fournitures'!$I$7:$I$206,MATCH($P63,FOU_Code,0))+SUMIFS(MOV_Qte,MOV_Code,$P63,MOV_Type,"Entrée",MOV_Date,"<"&R_Mois)-SUMIFS(MOV_Qte,MOV_Code,$P63,MOV_Type,"Sortie",MOV_Date,"<"&R_Mois)) | I63: =IF($P63="","",SUMIFS(MOV_Qte,MOV_Code,$P63,MOV_Type,"Entrée",MOV_Date,">="&R_Mois,MOV_Date,"<"&EDATE(R_Mois,1))) | J63: =IF($P63="","",SUMIFS(MOV_Qte,MOV_Code,$P63,MOV_Type,"Sortie",MOV_Date,">="&R_Mois,MOV_Date,"<"&EDATE(R_Mois,1))) | K63: =IF($P63="","",H63+I63-J63) | L63: =IF($P63="","",INDEX(FOU_Seuil,MATCH($P63,FOU_Code,0))) | M63: =IF($P63="","",IF(K63<=0,"Rupture",IF(K63<=L63,"Stock faible","En stock"))) | N63: =IF($P63="","",K63*INDEX('Fournitures'!$K$7:$K$206,MATCH($P63,FOU_Code,0))) | P63: =IF(20>COUNTIF(FOU_Code,"?*"),"",INDEX(FOU_Code,20))
E64: =IF($P64="","",INDEX(FOU_Article,MATCH($P64,FOU_Code,0))) | G64: =IF($P64="","",INDEX(FOU_Unite,MATCH($P64,FOU_Code,0))) | H64: =IF($P64="","",INDEX('Fournitures'!$I$7:$I$206,MATCH($P64,FOU_Code,0))+SUMIFS(MOV_Qte,MOV_Code,$P64,MOV_Type,"Entrée",MOV_Date,"<"&R_Mois)-SUMIFS(MOV_Qte,MOV_Code,$P64,MOV_Type,"Sortie",MOV_Date,"<"&R_Mois)) | I64: =IF($P64="","",SUMIFS(MOV_Qte,MOV_Code,$P64,MOV_Type,"Entrée",MOV_Date,">="&R_Mois,MOV_Date,"<"&EDATE(R_Mois,1))) | J64: =IF($P64="","",SUMIFS(MOV_Qte,MOV_Code,$P64,MOV_Type,"Sortie",MOV_Date,">="&R_Mois,MOV_Date,"<"&EDATE(R_Mois,1))) | K64: =IF($P64="","",H64+I64-J64) | L64: =IF($P64="","",INDEX(FOU_Seuil,MATCH($P64,FOU_Code,0))) | M64: =IF($P64="","",IF(K64<=0,"Rupture",IF(K64<=L64,"Stock faible","En stock"))) | N64: =IF($P64="","",K64*INDEX('Fournitures'!$K$7:$K$206,MATCH($P64,FOU_Code,0))) | P64: =IF(21>COUNTIF(FOU_Code,"?*"),"",INDEX(FOU_Code,21))
E65: =IF($P65="","",INDEX(FOU_Article,MATCH($P65,FOU_Code,0))) | G65: =IF($P65="","",INDEX(FOU_Unite,MATCH($P65,FOU_Code,0))) | H65: =IF($P65="","",INDEX('Fournitures'!$I$7:$I$206,MATCH($P65,FOU_Code,0))+SUMIFS(MOV_Qte,MOV_Code,$P65,MOV_Type,"Entrée",MOV_Date,"<"&R_Mois)-SUMIFS(MOV_Qte,MOV_Code,$P65,MOV_Type,"Sortie",MOV_Date,"<"&R_Mois)) | I65: =IF($P65="","",SUMIFS(MOV_Qte,MOV_Code,$P65,MOV_Type,"Entrée",MOV_Date,">="&R_Mois,MOV_Date,"<"&EDATE(R_Mois,1))) | J65: =IF($P65="","",SUMIFS(MOV_Qte,MOV_Code,$P65,MOV_Type,"Sortie",MOV_Date,">="&R_Mois,MOV_Date,"<"&EDATE(R_Mois,1))) | K65: =IF($P65="","",H65+I65-J65) | L65: =IF($P65="","",INDEX(FOU_Seuil,MATCH($P65,FOU_Code,0))) | M65: =IF($P65="","",IF(K65<=0,"Rupture",IF(K65<=L65,"Stock faible","En stock"))) | N65: =IF($P65="","",K65*INDEX('Fournitures'!$K$7:$K$206,MATCH($P65,FOU_Code,0))) | P65: =IF(22>COUNTIF(FOU_Code,"?*"),"",INDEX(FOU_Code,22))
